,MRID,702,701,600,601,604,606,607,613,614,501,502,503,504,505,506,507,508,509,510,511,512,513,514,515,516,517,518,519,520,521,522,523,524,525,401,402,403,404,405,406,407,408,409,410,411,412,413,414,415,416,417,418,419,420,421,422,423,424,425,426,427,428,429,430,431,432,433,434,435,436,301,302,303,304,305,306,307,308,309,310,311,312,313,314,315,316,317,318,319,320,321,322,323,324,325,326,327,328,329,330,331,332,333,334,335,336,337,338,339,340,341,342,343,344,345,4,11,23,30,31,32,35,36,37,38,39,40,41,47,48,49,50,51,52,55,56,57,58,59,60,61,62,71,72,73,75,76,81,82,83,84,85,86,87,88,89,90,91,92,93,94,95,100,101,102,103,104,105,106,107,108,109,112,113,114,115,116,117,118,119,120,121,122,123,124,125,128,129,132,133,134,135,136,137,138,139,140,141,142,143,144,145,146,147,148,149,150,151,152,153,154,155,156,157,160,161,162,163,164,165,166,167,168,169,170,171,172,173,174,175,176,177,178,179,180,181,182,183,184,185,186,187,190,191,192,193,194,195,196,197,198,199,200,201,202,203,204,205,206,207
0,sub-0206,1532809,1373704,157783,801063,535874,393254,261940,397718,264050,9884,154578,61462,417895,45107,153751,225479,259249,14897,71391,30782,206797,22583,77452,115969,125391,6988,73096,30680,211098,22524,76299,109510,133858,5793,20524,16816,11710,222929,194966,45107,98832,54919,121942,103537,138141,121108,10282,8444,5746,110571,96226,22583,50152,27300,62325,53644,66173,59218,10242,8372,5964,112358,98740,22524,48680,27619,59617,49893,71968,61890,24623,14877,118883,45821,18725,31641,13466,11924,44380,42528,88833,33109,17850,107469,12822,12056,7279,59303,22652,9281,16284,6299,6098,22787,21267,45492,16833,8241,51310,6622,12567,7598,59580,23169,9444,15357,7167,5826,21593,21261,43341,16276,9609,56159,6200,801,1315,466,563,1310,1252,21870,3536,3487,57855,56414,15241,14977,4149,4386,232,542,5561,6446,1520,1544,4720,4688,8372,8444,4703,4829,5228,2337,2526,672,643,98740,96226,27619,27300,49893,53644,61890,59218,378,527,3428,2922,2158,2297,9884,5105,6768,5052,4926,2130,1777,12113,11629,3880,4092,4687,4666,6006,5544,2994,2708,1881,1737,3020,2746,9609,8241,2214,2478,8586,8868,15195,12952,11375,11631,2475,2523,5822,5148,2333,2356,19364,21257,5422,7045,4246,4329,1435,974,3039,3388,8833,6429,18867,18745,3602,3173,5826,6098,3695,3336,1967,1316,4430,4368,14841,15859,4173,3591,2546,2353,2876,2878,10187,13265,3716,3427,2437,2616,13328,13181,2165,2178,1302,1678,14768,14086,5448,6323,9670,9415,3983,3701,11371,11183,8263,7934,13834,11679,3438,3381,1598,1828
1,sub-0201,1514574,1350364,162857,752518,544151,371268,268495,370079,263740,11916,177742,60748,414343,41455,133117,214202,232981,31127,83221,29940,207560,20602,68891,109370,115027,18321,83350,30808,206783,20853,64226,104832,117954,10362,19152,18098,12664,215202,199141,41455,81767,51350,108565,105637,114668,118313,9453,8977,6155,107897,99663,20602,42737,26154,54586,54784,56019,59008,9699,9121,6509,107305,99478,20853,39030,25196,53979,50853,58649,59305,25028,14564,114709,42001,18900,30105,11350,9632,38043,34092,79778,28787,17210,85083,12375,12034,6858,58102,21475,9428,14946,5656,4620,20513,17604,39658,14928,8471,40858,6690,12994,7706,56607,20526,9472,15159,5694,5012,17530,16488,40120,13859,8739,44225,5685,643,1801,443,467,979,1053,22568,3180,3116,65964,65642,17386,17579,3875,3612,175,246,10187,18075,1564,1523,4512,4347,9121,8977,5013,5152,5316,2715,3140,690,625,99478,99663,25196,26154,50853,54784,59305,59008,461,625,3698,3238,2350,2292,11916,4943,6131,4926,4408,3164,1929,10913,9767,2598,2635,5217,4572,4967,4293,2263,2310,1990,1876,3439,3427,8739,8471,2616,2330,6903,8574,13042,12133,8923,10676,2342,2667,5869,4233,2062,2300,18599,19309,4773,6390,4362,4499,588,794,2471,2861,7716,6294,14304,13976,2615,2836,5012,4620,2818,3484,1752,1702,4347,4582,13271,14134,3431,3346,2780,2450,2265,2980,10823,11060,3126,2939,2054,2610,12724,12383,1929,2251,1611,1707,13652,14180,4050,5983,9136,9864,3239,2713,9248,8967,7542,6762,9337,7987,3623,3617,1702,1829
2,sub-0208,1738038,1495835,240579,820645,637988,400677,307477,408421,314235,16276,172758,70075,480243,46170,156486,226756,278781,11644,80139,34801,236665,23063,76458,114372,136946,5252,81072,35274,243578,23107,80028,112384,141835,3373,22246,20069,13898,241644,238599,46170,95151,61335,111338,115418,137571,141210,11251,9919,6818,119641,117024,23063,46582,29876,55380,58992,67411,69535,10995,10150,7080,122003,121575,23107,48569,31459,55958,56426,70160,71675,30310,15299,132055,43730,20250,32537,13633,11983,42620,40548,84982,26356,17699,107752,12120,14642,7586,65781,21397,10235,16200,6863,5152,21793,19637,42272,13108,8685,52263,6463,15668,7713,66274,22333,10015,16337,6770,6831,20827,20911,42710,13248,9014,55489,5657,715,2304,550,645,1334,1313,25558,3766,3762,60430,60617,20642,19522,4959,4626,88,156,3285,5096,1735,1779,4944,5065,10150,9919,5378,5710,5036,2684,3827,874,756,121575,117024,31459,29876,56426,58992,71675,69535,457,633,4069,3595,2554,2590,16276,5969,6789,5028,4945,2957,2279,11451,11033,4011,4207,4992,5183,6108,5266,2480,2421,2524,2319,2973,3044,9014,8685,2731,2340,7624,7943,16892,14614,10792,10164,2781,2775,6260,4310,2517,2136,24109,25952,5667,6814,4968,4760,1241,616,3511,2866,7818,6452,19619,19131,2980,3366,6831,5152,3664,3891,2192,1977,4108,5101,12007,12492,4290,4442,2685,2641,2499,2733,10539,12525,4962,4828,2154,2594,14548,14813,1784,1890,1600,1955,14470,12251,4156,5648,10616,8873,4556,3670,10104,9841,8160,8494,10818,10024,4318,3853,1719,1979
3,sub-0290,1387995.627978742,1238477.7472153306,148179.95341658592,677689.1995924711,529021.2726742029,332884.92342323065,256517.0704099536,334667.8266066313,261431.8035262823,11072.398737967014,142161.28024727106,58961.79821044207,399622.2993981838,35090.09451031685,131967.83377975225,196657.3209607601,221826.9541797042,13136.286663115025,64920.47463774681,29333.407114446163,197208.29104155305,18204.01147156953,65843.42451900244,99430.60064196588,109787.03825861216,6700.636136829853,67104.35604691505,29628.391095995903,202414.0083566308,16886.08303874731,66124.40926074982,97226.72031879424,112039.91592109203,4643.747831583023,20661.87800258398,15736.14548355341,11859.35600399971,200582.1078339219,199040.1915642619,35090.09451031685,79272.69527226686,52695.13850748539,98051.67552143335,98605.64543932676,106309.22711342572,115517.72706627846,10256.443046629429,8044.563157856464,5811.684409379959,99122.61736631392,98085.67367523909,18204.01147156953,40024.82654064894,25818.5979783535,49573.30803155899,49857.29261040688,52426.153114140034,57360.88514447212,10405.434955954552,7691.582325696945,6047.671594619751,101459.49046760798,100954.51788902284,16886.08303874731,39247.86873161793,26876.54052913189,48478.36748987436,48748.35282891989,53883.0739992857,58156.841921806335,20281.89863651991,13378.273522555828,110045.02424925566,41980.72033017874,14896.191095411776,25681.6054174304,9408.489092886448,11429.379352927208,36927.99470722675,30915.321212112904,72847.04420298338,25204.63131844997,14287.224164009094,82764.50565725565,9257.497292160988,10074.452929198742,6726.634725034237,54499.04055058956,20257.899939715862,7564.589221775532,13522.265703380108,4681.74576818943,5928.678056299686,19360.94864666462,14735.199837684631,36170.03586649895,13403.272165060043,7351.600787639618,40482.80167132616,4591.750655174255,10207.445707321169,6651.638797521591,55545.983698666096,21722.820390462875,7331.601873636246,12159.339714050291,4726.743324697018,5500.7012966275215,17567.046060562134,16180.121374428272,36677.00833648443,11801.35915338993,6935.623376369476,42281.70398592949,4665.7466369867325,788.957157433033,1002.9455372691154,552.9699721932411,578.968560397625,941.9488495588304,984.9465146660804,18630.98828554153,3626.803054511547,3500.8098962903023,51132.22337812185,50012.28419393301,15972.1326687932,14908.1904438138,4048.7801399827,3691.799525022506,127.99304962158205,126.99310392141342,4515.754781961441,6573.64303290844,1462.920559346676,1355.9263694286346,4762.741369903088,4820.738220512867,7691.582325696945,8044.563157856464,4675.746093988419,4674.74614828825,5137.721007466316,2162.8825494647026,2835.846005678177,543.9704608917236,492.9732301831245,100954.51788902284,98085.67367523909,26876.54052913189,25818.5979783535,48748.35282891989,49857.29261040688,58156.841921806335,57360.88514447212,417.9773026704788,584.9682345986366,3378.816520869732,2938.840412795544,2250.8777710795403,2287.875761985779,11072.398737967014,3614.803706109524,5468.703034222126,4401.76097214222,4420.759940445423,1996.8915632367127,1711.9070386886597,10329.439082741736,8980.512333214283,2887.8431820869446,2697.8534990549088,4138.775252997875,3970.784375369549,4549.752935767174,4139.775198698044,1740.9054639935491,1757.9045408964157,1435.9220254421234,1558.9153465628624,2466.86604231596,2514.863435924053,6935.623376369476,7351.600787639618,2202.880377471447,2113.8852101564407,6621.640426516533,7250.606271922588,11027.401181459429,10273.442123532295,8742.525256574154,7897.571139931679,1911.8961787223816,2148.883309662342,4613.749460577965,4049.780085682869,2062.8879794478416,2152.8830924630165,20048.911288380623,19299.95195895433,4833.737514615059,5944.677187502384,3736.797081530094,3805.793334841728,853.9536279439926,1092.9406502842903,2968.838783800602,2840.84573417902,8660.529709160328,6007.673766613007,14523.211349248886,14220.227802097796,2682.85431355238,2774.849317967892,5500.7012966275215,5928.678056299686,3317.8198331594467,2767.8496980667114,1228.9332655072212,1299.9294102191925,3930.786547362805,4003.782583475113,10947.405525445938,12310.331514775751,2985.8378607034683,2923.8412272930145,2249.877825379372,2305.874784588814,1756.904595196247,2034.8894998431208,9147.50326514244,10587.42507338524,2561.860883831978,2407.869246006012,1623.911817073822,2014.8905858397484,12092.343352138996,11826.357795894146,1547.9159438610077,1667.9094278812408,1109.939727187157,1169.9364691972733,13521.26575767994,13434.27048176527,4717.7438133955,5972.675667107105,8278.550451695919,7261.605674624443,3428.8138058781624,3390.815869271755,8921.515536904335,9340.492785274982,7059.616643190384,6823.629457950592,9671.474812030792,9165.502287745476,2869.8441594839096,3355.817769765854,1493.9188760519028,908.950641453266
4,sub-0246,1388030.4383232594,1254708.5167948008,132322.15458261967,692522.5671114922,530076.4346837997,340325.6671983004,259335.54668283465,342605.1358348131,257111.065228343,13629.822772622108,144970.20621442795,57433.61173760891,400609.61449849606,36814.41824662685,121019.78925991058,213333.270203948,225070.53414809704,12896.993601322174,67248.32384490967,28444.369376063347,198971.61802697185,18151.76866865158,61905.56928634644,107796.87163424492,112236.8366407156,5366.748965263367,68130.1182911396,28989.242361545563,201637.99647152424,18662.64957797528,59114.21997356415,105536.3985697031,112833.69750738144,5193.789283633232,18945.58362364769,15719.335689425468,11627.289580106735,203631.53176152703,196978.082736969,36814.41824662685,75227.46383965015,45792.32542026043,107856.85765099524,105476.41255295277,109226.5383667946,115843.99578130244,9377.813951969149,8080.116456270218,5663.679748177528,101599.3163369894,97372.3016899824,18151.76866865158,38664.98686337471,23240.582422971725,53435.54372119904,54361.32791304588,53983.41600751877,58253.42063319683,9567.769671678543,7639.219233155251,5963.609831929207,102032.21542453766,99605.78104698658,18662.64957797528,36562.47697627544,22551.742997288704,54421.31392979622,51115.08463990688,55243.12235927582,57590.57514810562,22649.72015798092,12818.0120126009,111085.10511910915,40163.63751518726,16915.056956648827,26193.89398097992,10620.524265646936,10593.530558109283,34754.89833819866,29879.03494334221,82269.82220613956,25587.03544485569,15493.38835966587,82210.83595633507,11522.314050793648,11421.337589263916,5920.619853258133,54807.223970890045,20483.22518634796,8966.909737229347,12651.050932645798,5500.717736005783,5581.698858618736,17963.812482833862,15119.475521922112,40430.57528972626,13004.968431472778,7128.338323831558,41029.435690283775,5825.641993403435,11228.382568717005,6897.392159342766,56277.88114821911,19680.412328839306,7948.147219419479,13542.843048334122,5119.806529641151,5011.831699490547,16791.0858553648,14759.559421420096,41839.24691641331,12582.067013382912,8365.050035834312,41181.40026605129,5696.672057390213,643.8499131202698,1692.6054393053057,411.9039816856384,467.8909306526184,1050.7550600767136,993.7683441638948,19212.521398186684,3432.1999250650406,3294.2320865392685,52657.72503733635,51709.945972681046,15472.393253803251,15538.377872228622,4226.01488006115,3791.116258621216,112.97366487979887,48.98858034610748,5080.815618753433,5317.760384917259,1519.645757675171,1449.662071466446,4204.020007252693,4166.028863310814,7639.219233155251,8080.116456270218,4811.8783103227615,4905.856403231621,4728.8976538181305,2295.464907646179,2567.401516914368,537.8746168613434,541.8736846446991,99605.78104698658,97372.3016899824,22551.742997288704,23240.582422971725,51115.08463990688,54361.32791304588,57590.57514810562,58253.42063319683,458.89302814006805,581.8643624782562,3275.236514568329,2883.327871799469,2229.48028922081,2198.487513899803,13629.822772622108,4270.004625678062,4295.998566269875,4552.938671350479,3982.071745276451,1921.55206990242,1943.5469427108765,11778.254388928412,10031.661534547806,2365.448593854904,2717.366558790207,4306.996002674103,4132.03678715229,4292.999265432358,4365.9822524786,1697.6042740345,1873.5632565021515,1960.5429807901385,1626.6208208799362,2758.357003569603,2309.461644887924,8365.050035834312,7128.338323831558,2167.4947385787964,2308.4618779420853,6186.557860851288,6897.392159342766,12342.122946381569,11713.269537448885,8101.111562132835,8036.126710653305,2249.4756281375885,2471.4238901138306,5222.782525062561,3987.0705800056458,1817.5763075351715,1903.55626487732,18404.70970594883,17415.94019651413,5139.80186855793,5480.7223970890045,4209.018841981888,4222.015812277794,1201.7198688983915,1270.7037881612778,2801.346982240677,2840.337893128395,7728.198491334915,6712.435274362564,13831.775695681572,15584.367151737211,1941.5474088191984,2612.3910294771194,5011.831699490547,5581.698858618736,4270.004625678062,3933.083164930344,1278.7019237279892,1555.6373677253723,4050.055897593498,4367.981786370277,11380.34714448452,11734.2646433115,3422.202255606652,3627.154479503632,2344.4534879922867,1938.5481079816816,1680.6082359552383,3208.2521291971207,11236.380704283714,11426.33642399311,2848.3360286951065,2784.350944161415,1842.5704811811447,1931.549739360809,13217.91879093647,12376.115022540092,2376.4460302591324,2215.483551979065,844.8030692338943,993.7683441638948,13151.9341725111,13629.822772622108,4320.992739915848,5724.665531873703,9700.73867547512,9205.854037284853,3523.178717136383,2973.3068969249725,9123.87314772606,9766.72329390049,5884.628243207932,5791.649917244911,9122.87338078022,7940.149083852768,3196.254925847053,3587.1638016700745,1477.655545949936,1678.6087020635605
5,sub-0234,1526466,1312610,212412,710082,557867,345568,268098,353659,276350,13419,169032,62396,405801,38514,134538,188944,245212,21801,78253,30627,200191,20006,65001,95132,119342,9056,79924,31769,205610,18508,69537,93812,125870,7021,20554,17897,12493,199611,206190,38514,80198,54340,89472,99472,119569,125643,10218,8680,6099,98722,101469,20006,38939,26062,44747,50385,58363,60979,10336,9217,6394,100889,104721,18508,41259,28278,44725,49087,61206,64664,23076,12315,108782,39019,16419,26563,11951,10514,35387,34297,66185,23287,17405,90997,11167,11627,5939,53759,19273,8124,13880,6126,5170,17020,16749,33662,11085,8385,44422,5556,11449,6376,55023,19746,8295,12683,5825,5344,18367,17548,32523,12202,9020,46575,5611,931,4793,424,497,1055,1089,22860,3404,3382,61697,60263,18227,17990,4198,3903,129,98,6892,8958,1595,1666,4913,4673,9217,8680,4979,5114,4521,2588,3746,638,569,104721,101469,28278,26062,49087,50385,64664,60979,396,570,3663,3194,2335,2335,13419,4199,5100,4222,3995,1990,1745,9376,9191,2883,2992,4234,4294,5728,5653,2262,2551,2079,1618,2805,2892,9020,8385,2102,2175,6979,6827,14002,11697,8937,8104,2581,2595,4674,4802,1919,2366,19705,19298,4757,4953,4093,4153,351,479,2565,2233,7437,6221,15039,15653,3212,2438,5344,5170,2688,2928,1543,1628,3810,3978,11851,10606,3563,3575,2154,1944,1982,2212,7934,9114,2785,3134,2048,2117,12014,11650,1725,2027,1444,1431,12963,12318,4279,4847,8748,8619,3419,2802,6465,6738,7037,7444,10497,9628,3305,3045,1838,1412
6,sub-0310,1384139.4112832546,1252898.5012702942,130412.92950725555,677631.0455910563,545530.1558257937,332301.17617183924,265607.74642789364,334886.1153110266,266190.732701838,13731.676696062088,148142.51207506657,58156.63073766232,396899.6552401185,35139.172669649124,126715.01657235622,197602.34757345915,236821.42418426275,9937.766021370888,68255.39296847582,28820.321443140507,197895.3406751156,17993.576352238655,63717.499810397625,99838.64936000109,116448.25829690696,4407.896218776703,69443.36499840021,29336.30929452181,199004.3145650029,17145.59631741047,62997.5167619586,97763.69821345806,120373.1658873558,2873.932335019112,18398.566816985607,16039.622356891632,11962.718345105648,193172.4518726468,203727.2033674717,35139.172669649124,77710.17036151886,49004.84621083736,97088.71410554647,100513.63346791267,110332.40229099987,126489.02189326286,9189.783632159231,8193.80708181858,5861.861986041069,96628.72493571044,101266.61573940516,17993.576352238655,39248.0759280324,24469.423882365227,48029.86916607618,51808.7801939249,54056.72726738453,62391.53102952242,9208.783184826374,7845.815275073051,6100.856359064579,96543.72693693638,102460.58762806654,17145.59631741047,38462.09443348646,24535.422328472137,49058.84493947029,48704.85327398777,56275.67502361536,64097.49086374045,20500.517327845097,11923.7192633152,108747.43960797788,38200.10060197115,13800.675071537496,24097.43264067173,11041.740028977394,10611.75015282631,33927.201204776764,33171.21900391579,72356.29641520977,24732.417690336704,14596.656330645084,86044.97412365675,9690.771836698055,9802.76919978857,6156.855040609837,54504.71671974659,18864.555845558643,7299.82813000679,12219.712294340134,5773.864057898521,5443.871827363968,17736.58240300417,16067.62169766426,36042.1514095664,11987.71775650978,6602.844540059567,42404.00162369013,5049.881103634834,10697.748128056526,5766.864222705364,54242.72288823128,19335.544756412502,6500.8469415307045,11877.720346331596,5267.875971078873,5167.878325462341,16190.618801772594,17103.597306251526,36314.14500564337,12744.699933826923,7993.811790585518,43640.97249996662,4640.890733063221,698.9835428595543,1956.953924715519,446.9894759058952,473.9888402223587,1083.9744784832,1052.9752083420751,19799.53383207321,2899.93172287941,2888.931981861592,54164.72472465038,53385.7430652976,15278.640273749828,14869.649903178217,4548.892899096012,4017.905400872231,240.9943259358406,103.99755144119264,2632.938009083271,4303.89866733551,1509.9644488096235,1426.966402947903,4351.897537231445,4399.89640712738,7845.815275073051,8193.80708181858,5012.881974756718,4939.88369345665,4983.882657527924,2374.94408339262,3084.927367269993,503.9881339073181,547.9870979785919,102460.58762806654,101266.61573940516,24535.422328472137,24469.423882365227,48704.85327398777,51808.7801939249,64097.49086374045,62391.53102952242,383.99095916748047,545.9871450662613,3452.9187031388283,3035.9285209178925,2263.9466967582703,2279.946320056916,13731.676696062088,3638.9143239855766,4421.895889163017,3553.916325211525,3777.9110513925552,1661.9608701467514,1568.9630597233772,10339.756556749344,8939.789518117905,2704.9363139271736,2446.9423882365227,3635.9143946170807,3350.9211046099663,5509.870273470879,5325.874605536461,1852.9563732743263,2089.9507933855057,1712.9596694111824,1818.9571737647057,1844.956561625004,1843.9565851688385,7993.811790585518,6602.844540059567,1845.956538081169,1831.9568676948547,6491.847153425217,6836.83903080225,12827.697979688644,10372.7557798028,8888.790718853474,8294.804703891277,1875.9558317661283,1618.961882531643,4274.899350106716,4165.901916384697,1682.960375726223,1607.9621415138245,16943.601073265076,18568.56281453371,4193.901257157326,5295.8753118515015,3603.915148019791,3900.908155500889,1185.972077012062,1107.9739134311676,3188.924918711185,3196.924730360508,6881.837971329689,5947.859961271286,14334.662499129772,14099.668031930923,2309.9456137418747,2569.9394923448563,5167.878325462341,5443.871827363968,2869.9324291944504,3717.912464022637,1084.9744549393654,1184.9721005558968,3963.906672239304,3631.914488792419,11558.72785681486,10879.743843078611,3414.9195978045464,3683.913264513016,2212.94789749384,2378.9439892172813,1151.9728775024414,2129.949851632118,8889.790695309639,9263.781889915466,3555.916278123856,2713.936102032661,1799.9576210975647,2174.9487921595573,14117.6676081419,12443.707020521164,1515.9643075466156,1573.9629420042038,933.978010058403,1016.976055920124,14317.662899374962,13521.681640267372,4801.8869425058365,5262.876088798046,8967.788858890533,8743.794132709503,3194.9247774481773,3033.928568005562,8116.8088946938515,9094.785868823528,6960.836111366749,8149.808117747307,9517.775909781456,9781.7696942091,3063.927861690521,3223.9240946769714,1324.968804419041,1300.9693694710732
7,sub-0248,1509462.5207945108,1345892.8083018064,162187.7825102806,728582.0852848291,580589.5835491419,356667.9288790226,282074.708257556,361717.6730260849,284969.5615854264,13545.313706159592,138922.96125769615,62543.83112204075,452522.0722836256,41836.88027107716,130706.37756335735,224846.60780596733,234428.12234401703,17530.111810326576,63434.78598046303,31189.41974079609,221901.7570112944,22498.86006116867,67694.5701520443,114371.20520961285,112557.29711401464,6430.674180150032,65291.69189751148,31354.41138124466,230620.31527233124,19338.020209908485,63011.80741131306,110475.40259635448,121870.8252300024,9061.540883302689,19740.999792337418,17825.0968644619,12902.346283078194,225646.56727480888,226875.50500881672,41836.88027107716,79301.98204493523,51404.39551842213,111233.36419308186,113613.24361288548,111791.33592259884,122636.7864214182,9807.503087997437,9081.539870023727,6377.676865339279,109806.43649053574,112095.32052075864,22498.86006116867,41364.90418446064,26329.665967583656,55697.17801809311,58674.02719151974,53656.2814232111,58901.01569080353,9933.49670433998,8743.556994438171,6524.6694177389145,115840.13078427316,114780.18448805808,19338.020209908485,37937.07786047459,25074.72955083847,55536.18617498875,54939.21642136574,58135.05449938774,63735.77073061466,23838.79217147827,14461.26729798317,124019.71635317802,45458.696766257286,17868.094685912132,30985.430076241493,10851.450194835665,9780.504455924034,36236.16403985024,33285.31354916096,81860.85239589214,29372.51179718972,13911.295163154602,87043.58980464935,10836.450954794884,12078.388030171394,7126.638918042183,60519.93366587162,20669.95272552967,9411.523150920868,17106.133291840553,5392.726769328117,5332.729809165001,19492.012407660484,16540.161967635155,40905.9274392128,14791.25057888031,6694.660804867744,41585.89298772812,5375.727630615234,11760.404141306875,7334.628379940987,63499.7826873064,24788.74404072761,8456.571534991264,13879.29678440094,5458.7234255075455,4447.774646759033,16744.15163218975,16745.151581525803,40954.924956679344,14581.261218309402,7216.634358286858,45457.696816921234,5460.723324179649,766.9611407518387,1270.935606122017,525.9733507633209,567.9712228775024,1133.942547082901,1081.9451816082,19191.02765750885,3418.826779961586,3463.824500083924,50101.46153354645,48832.525826096535,15190.230363965034,14602.260154366491,4354.779358506203,4206.786856770515,136.9930590391159,27.998581409454346,8924.547824263573,6402.675598740578,1581.9198496341703,1399.9290704727173,4406.776723980904,4375.7782945632935,8743.556994438171,9081.539870023727,4724.760612845421,5094.741867184639,4948.749264121056,2450.875822663307,2796.8582929372787,633.9678790569305,663.9663591384888,114780.18448805808,112095.32052075864,25074.72955083847,26329.665967583656,54939.21642136574,58674.02719151974,63735.77073061466,58901.01569080353,520.9736040830612,581.9705135822296,3557.819737672806,3273.8341262340546,2445.8760759830475,2521.872225522995,13545.313706159592,4455.774241447449,5757.708276987076,4689.762386083603,4522.770846962929,2096.89375770092,1922.9025732278824,11706.406877160072,9284.529585242271,2680.8641699552536,3564.8193830251694,4413.776369333267,4768.758383631706,5493.721652269363,4427.775660037994,2019.8976588249209,1935.9019145965576,1741.911743402481,1856.9059170484545,2445.8760759830475,2741.861079454422,7216.634358286858,6694.660804867744,2434.876633286476,2611.8676657676697,6757.657613039017,7773.606138467789,13725.30458664894,11822.401000142096,8570.565759301186,8547.566924571991,2058.8956829309464,2454.875620007515,4651.764311313629,6362.6776252985,2052.8959869146347,2000.898621439933,22518.85904788971,21657.90266954899,4330.780574440956,5327.730062484741,4215.786400794983,4515.771201610565,848.9569863080978,1044.9470561742785,3865.804133176804,3126.84157383442,8889.549597501755,6182.686744809151,14562.262180924416,14884.24586713314,2162.890413880348,3195.838078022003,4447.774646759033,5332.729809165001,3254.835088849068,3229.836355447769,1780.9097675085068,1441.9269425868988,4771.758231639862,4985.747389554977,13732.304232001305,13746.303522706032,3438.825766682625,3456.82485473156,2644.865993857384,2603.868071079254,2300.883422255516,2785.8588502407074,10791.453234672546,11594.412551522257,3388.828299880028,3184.838635325432,2194.8887926340103,2061.895530939102,14887.245715141296,13785.301546812056,1643.9167084693909,1545.921673536301,1190.9396592378616,1401.9289691448212,14777.251288175585,13790.301293492315,6354.6780306100845,5345.729150533676,8576.565455317497,9633.5119035244,3492.8230308294296,3194.8381286859512,9880.499389529228,10393.473398923874,7621.613839387894,7099.6402859687805,9548.516209959984,7779.6058344841,3834.8057037591934,3872.803778529167,1621.9178230762482,1767.9104261398315
8,sub-0233,1438873,1268540,168429,694327,535970,337651,258395,346247,264962,12613,148310,59857,384902,38429,122450,213349,240690,17581,68338,29265,191189,19001,61516,107025,114783,8417,69543,30592,193713,19428,60934,106324,125907,6816,20072,16801,11977,190504,194398,38429,74771,47679,104462,108887,119901,120789,9860,8340,5775,95481,95708,19001,37701,23815,51588,55437,57054,57729,10212,8461,6202,95023,98690,19428,37070,23864,52874,53450,62847,63060,20790,12772,105573,34481,16888,27545,10884,9399,34965,30407,77011,27451,15736,92915,11250,10567,6315,52804,17308,8487,13720,5281,4654,17785,15262,37884,13704,8001,43286,5767,10223,6457,52769,17173,8401,13825,5603,4745,17180,15145,39127,13747,7735,49629,5483,894,1454,486,545,1041,1051,20662,3572,3432,54615,53336,14928,15002,4099,3638,314,442,6502,7975,1517,1517,4637,4366,8461,8340,4768,4929,4866,2386,3177,601,577,98690,95708,23864,23815,53450,55437,63060,57729,434,581,3432,3014,2336,2180,12613,4446,4895,4134,3961,1857,1680,9677,8689,2242,2827,4474,4326,5035,4530,2378,2159,1942,1756,2250,2240,7735,8001,2184,2049,7028,6978,14368,12710,7868,7905,1794,1939,5161,4435,1755,1499,16322,17101,4575,5025,3575,4453,787,799,2372,1990,6197,5839,17134,13766,2323,2524,4745,4654,3617,3352,1304,1644,4218,4390,12960,12905,3225,3122,2323,2354,1985,2405,11412,12159,2997,2495,2092,2113,13650,12409,2239,1903,1120,1255,13229,12815,3545,4676,8865,8855,3254,3258,9173,8181,7569,7196,10558,9614,2397,3243,1152,1751
9,sub-0250,1497701.3037900925,1370777.7526363134,125958.50134277344,781391.3314808607,553746.5816066265,386669.9579536915,272822.081700325,384964.8699456453,269834.927518487,11089.572387814522,150826.78491818905,61208.15925657749,438705.64377343655,41371.13536942005,136807.06129074097,239146.3435285092,246021.69839966297,15117.78030359745,69961.61106562614,30323.56514954567,218333.26926255223,20103.037617444992,70007.61344003677,123832.39160370828,121955.29471743108,7385.381196141243,71108.67027103901,30884.594107031822,220372.37451088428,21268.09775197506,66799.4478507042,115313.95192480087,124066.4036822319,5151.265882372856,20124.038701415066,16954.875125169754,11858.612081766129,232446.99774205685,206258.6460313797,41371.13536942005,85756.42631435394,51050.634976387024,126626.53582334518,112519.80770516396,125837.49509704112,120184.20330262184,9947.513440489767,8672.44762802124,5768.297730445862,116159.9955933094,102173.27366924286,20103.037617444992,44156.27912449837,25851.334315538406,64898.34972560406,58934.04187810421,62120.2063318491,59835.08838558197,10176.525260925291,8282.427497148514,6090.314351320267,116287.00214874744,104085.37236213684,21268.09775197506,41600.147189855576,25199.300660848618,61728.18609774113,53585.76582705975,63717.28876519203,60349.11491703987,24475.263289690018,13463.69492805004,127728.59270596504,46930.42231178284,19849.02450656891,29877.54212808609,11493.59324133396,10549.54451429844,37749.94846200943,37456.93333804608,92076.75253772736,34549.78328561783,16173.83481180668,97494.03215038776,12169.628134846687,12224.630973815918,6685.34506380558,63487.276893138885,23228.198922514915,10534.543740034103,14357.741074204445,5745.296543240547,5718.295149564743,20808.074007868767,17629.909967064857,47277.4402230978,17620.909502506256,7689.396887898445,47812.46783852577,6618.341605424881,12250.6323158741,6778.349864244461,64241.31581282616,23702.22338926792,9314.480766534803,15519.801053881643,5748.296698093414,4831.249364733696,16941.874454140663,19827.023370981216,44799.31231462956,16928.873783111572,8484.437923908234,49681.56431186199,5551.286529421806,816.0421199798584,1765.0911051034927,449.0231763124466,419.0216277837753,1019.0525983572006,1094.0564696788788,20522.059245228767,3629.1873203516006,3463.1787518262863,55569.86823642254,54676.82214188576,15538.80203461647,15284.788923740389,4721.243686795235,4223.217981219292,308.01589822769165,184.0094976425171,4843.2499841451645,7201.371698498726,1613.0832592248917,1408.0726776123047,4485.231505036354,4657.240383267403,8282.427497148514,8672.44762802124,4986.257365465164,4975.256797671318,4841.24988090992,1935.0998800992968,2980.153820514679,618.031899690628,595.0307124853134,104085.37236213684,102173.27366924286,25199.300660848618,25851.334315538406,53585.76582705975,58934.04187810421,60349.11491703987,59835.08838558197,388.0200276374817,512.0264282226562,3422.176635503769,3011.1554206609726,2280.117688179016,2245.115881562233,11089.572387814522,5177.267224431038,5561.28704559803,4236.218652248383,4291.221491217613,1928.09951877594,2174.1122167110443,12516.646046161652,11607.599125742912,3341.1724544763565,4007.2068318128586,4871.251429438591,4785.246990323067,6201.32008087635,5352.276257514954,1894.0977637767792,2120.109429359436,2084.1075711250305,1969.101635098457,2850.14711022377,2864.1478328704834,8484.437923908234,7689.396887898445,2346.121094942093,2022.1043708324432,6575.339385867119,7343.379028201103,14952.771786689758,13094.675881147385,10284.53083562851,8270.426877737045,2194.113249063492,2180.1125264167786,5581.288077950478,3802.196250200272,2724.140606403351,2571.1327089071274,21001.083970069885,20940.08082139492,4556.235169887543,7025.362613797188,4659.240486502647,4252.219478130341,737.0380421876907,1290.0665867328644,2972.1534075737,3323.1715253591537,8853.45697081089,7401.382022023201,16378.845393419266,16706.862323999405,2387.1232112646103,3216.16600227356,4831.249364733696,5718.295149564743,3291.1698735952377,4272.220510482788,1731.089350104332,1790.092395544052,4761.24575150013,4994.257778406143,16191.835740923882,16330.842915773392,3854.198934316635,3625.187113881111,2542.1312119960785,2394.123572587967,2359.121765971184,3780.1951146125793,9900.511014461516,12304.635103225708,3469.179061532021,3618.1867525577545,1670.086201429367,2250.116139650345,15430.796459913254,13337.688424229622,2137.1103068590164,2471.12754714489,1212.062560558319,1318.068032026291,16789.866608262062,16262.83940577507,5594.2887489795685,6592.340263366699,11903.614404559135,11972.61796617508,3423.176687121392,3223.166363596916,10478.54084944725,11392.588027954102,7903.4079340696335,7790.402101278305,10446.539197683334,10220.527532100676,3147.162440657616,4020.2075028419495,1744.0900211334229,1897.0979186296463
10,sub-0210,1633159,1450267,181183,821863,586807,403531,285748,407068,287128,13931,171508,67188,456946,49511,145224,228881,265001,19114,79801,33122,225336,26318,72094,115910,131345,7769,80443,34066,231610,23193,73130,112971,133656,7443,22349,18388,12777,240901,216045,49511,90694,54530,116325,112556,132102,132899,11114,9170,6194,118822,106514,26318,45059,27035,58431,57479,65061,66284,11235,9218,6583,122079,109531,23193,45635,27495,57894,55077,67041,66615,27140,15855,131437,47185,19284,35374,14137,12216,40790,37688,85525,30800,16686,102560,12856,13161,7880,65433,22648,9700,19151,7167,6181,20604,18274,42867,15564,9239,48912,6910,13979,7975,66004,24537,9584,16223,6970,6035,20186,19414,42658,15236,7447,53648,5946,1405,2497,465,622,1166,1150,22483,4134,3923,63743,62912,16700,16889,5052,4667,453,398,6990,7371,1712,1735,4924,4834,9218,9170,5127,5353,4999,2606,3659,827,812,109531,106514,27495,27035,55077,57479,66615,66284,423,482,3670,3262,2490,2450,13931,5657,7168,5488,5503,2877,2012,9534,9113,3479,3520,5126,4912,5954,5351,2860,2963,2232,2286,3489,3348,7447,9239,2781,2571,8632,8617,14506,13191,9981,9403,2485,2677,5526,5495,2524,2109,22973,23041,4337,5225,4944,4681,760,805,3825,2913,7965,6774,19226,17343,2973,3136,6035,6181,3861,4925,1740,1571,5040,6488,14476,14759,4110,4204,2487,2377,2226,2502,9520,10833,3673,3791,2069,2522,14665,13459,1772,1851,1927,1993,15277,14335,5515,6288,11223,9953,4244,3626,12381,12968,8525,7907,11391,10471,3999,4754,2105,2537
11,sub-0232,1524132,1295782,226635,696055,552173,335719,266655,349157,273668,11850,166539,58606,389534,39229,120592,203490,248831,24468,77635,28432,187108,19406,60643,102832,121604,11020,77725,30174,202426,19823,59949,100658,127227,10039,20028,15375,11795,191877,197657,39229,72734,47858,97217,106273,119180,129651,9726,7804,5578,92293,94815,19406,36159,24484,48475,54357,57642,63962,10302,7571,6217,99584,102842,19823,36575,23374,48742,51916,61538,65689,21669,13821,103670,35346,17371,27347,11882,9901,33715,29118,73623,23594,18951,90911,9318,9564,6625,50603,17121,8380,14050,5356,4488,18624,13047,36212,12263,8983,43613,5046,12105,7196,53067,18225,8991,13297,6526,5413,15091,16071,37411,11331,9968,47298,4272,1188,2221,551,542,1163,1059,23086,3399,3185,58938,58890,18787,18745,4294,3707,210,276,9829,10744,1755,1609,4597,4390,7571,7804,4843,4714,4818,2781,3580,558,627,102842,94815,23374,24484,51916,54357,65689,63962,468,555,3354,2902,2395,2121,11850,4982,5056,4639,4426,2015,1482,9265,9269,2072,2385,4908,4068,5623,3720,2477,1916,1972,1955,3150,2583,9968,8983,2548,2143,5918,7706,13700,12040,8376,6942,2316,1755,4552,4786,2168,1710,17648,17132,3935,5711,4084,3904,704,658,2409,2471,5912,4873,16449,16801,1991,2157,5413,4488,2693,2234,1417,1413,3763,4208,10627,11605,4049,3440,2557,2199,2111,2357,10978,10125,3690,2423,1742,2018,12676,11440,1463,1360,1310,1638,11529,11932,3878,4286,9789,9338,3247,3050,7379,7480,7445,7139,9704,7633,3954,3869,1067,1668
12,sub-0235,1255134,1072183,181510,580017,456207,284874,222988,286719,223525,9694,121364,51873,327113,31521,112975,177544,196120,19570,55688,25681,162048,16155,57951,90014,96281,9041,57252,26192,165065,15366,55024,87530,99839,8014,17346,13367,10027,159556,167557,31521,69155,43820,85890,91654,94277,101843,8621,6824,4936,79477,82571,16155,35619,22332,42642,47372,46084,50197,8725,6543,5091,80079,84986,15366,33536,21488,43248,44282,48193,51646,18376,11875,84955,31687,12663,20798,10723,8110,30552,30493,64459,21431,13585,73197,7495,8746,5855,42743,15634,6499,10909,5246,4027,16206,15386,31954,10688,6529,35529,4026,9630,6020,42212,16053,6164,9889,5477,4083,14346,15107,32505,10743,7056,37668,3469,1023,1492,403,422,935,934,16389,2942,2986,45196,44152,12056,11536,4387,3872,217,172,7797,8869,1406,1376,3974,3837,6543,6824,3976,4044,3570,2456,2398,494,511,84986,82571,21488,22332,44282,47372,51646,50197,384,502,2773,2553,1934,1881,9694,3418,3962,4032,3861,1752,1223,8389,8063,2637,2978,3473,3269,4778,4278,2247,2103,1336,1367,2242,1963,7056,6529,2023,1679,5561,6455,11892,10193,7692,8130,1790,1697,3511,3657,1443,1261,14847,15682,3900,4930,3508,3531,575,592,1902,1739,5786,5425,12236,11792,2092,2282,4083,4027,2022,2183,1168,1550,2960,3290,10168,10096,3230,3143,1988,1994,1355,1863,8672,9228,2580,2295,1442,1620,9778,9187,1289,1412,1043,1091,9686,9452,3856,4439,7191,6863,2793,2539,8253,7800,5830,5667,7710,7877,2469,2726,738,994
13,sub-0240,1581917.932026744,1369164.1168563366,210977.7916699648,721433.546049118,617432.1698970795,352630.666028738,300994.9827824831,359375.75528013706,303399.0145927668,13038.172521829603,137689.82191944122,57909.76626527309,458947.0728133917,41499.549124360085,157182.0798420906,212359.80995690823,250405.31337714195,10807.143000721931,62566.82788777352,28649.379090189934,226041.99100029469,21355.282574296,77739.02864718437,107747.42571997644,124541.6479420662,4313.057070612907,65695.86929142475,29260.38717508316,232905.081813097,20144.266550064087,79443.05119490623,104612.3842369318,125863.66543507576,4578.06057715416,18009.238299250603,16848.22293663025,11898.157437086104,220677.92002260685,238269.15279078484,41499.549124360085,92725.22694540024,64456.85289669037,100059.32399058342,112300.4859663248,113836.50629103184,136568.80708611012,8844.117025852203,8549.113122344017,5876.077752590179,107970.42867076395,118071.56232953072,21355.282574296,46849.61991679669,30889.408730387688,49883.66006338596,57863.76565659046,56573.74858701229,67967.8993550539,9165.1212733984,8299.109814286232,6022.079684495926,112707.49135184288,120197.59046125412,20144.266550064087,45875.607028603554,33567.44416630268,50175.663927197456,54436.72030973434,57262.75770401955,68600.90773105621,24595.32544672489,13559.17941582203,119125.57627630234,45391.60062420368,18006.23825955391,30196.399560451508,11303.149563908575,11269.149114012718,41864.55395412445,39591.52387726307,73057.9667071104,27001.35728347301,15170.200732946396,86665.14675807953,12001.158800005913,11872.157093048096,6737.089145541191,57564.76170015335,22347.29570066929,9449.125031352043,15970.211318731308,5385.07125556469,5644.074682712555,21730.287536382675,19475.25769770145,36189.47886121273,13694.181202173231,7192.09516620636,42806.566418886185,6575.087001919746,12723.168353676796,6822.090270280838,61560.81457614899,23044.3049235344,8557.113228201866,14226.1882417202,5918.078308343887,5625.074431300163,20134.266417741776,20116.26617956161,36868.48784589768,13307.176081299782,7978.105566740036,43858.580339193344,5426.071798086166,827.0109430551529,1089.0144098997116,432.0057163238525,505.00668227672577,1073.0141981840134,1116.0147671699524,19491.257909417152,2881.0381220579147,2840.037579536438,49971.661227822304,47224.62487888336,15724.208063602448,15342.203008890152,4039.053444981575,3650.0482976436615,145.00191867351532,26.000344038009644,4433.058658480644,4287.056726574898,1463.019358754158,1398.018498659134,4389.058076262474,4101.054265379906,8299.109814286232,8549.113122344017,4850.06417632103,4984.065949440002,5224.069125175476,1934.025591135025,2269.030023932457,614.00812458992,662.0087597370148,120197.59046125412,118071.56232953072,33567.44416630268,30889.408730387688,54436.72030973434,57863.76565659046,68600.90773105621,67967.8993550539,371.004909157753,554.0073306560516,3405.045055747032,2955.039101243019,2246.0297195911407,2367.0313206911087,13038.172521829603,4373.057864546776,6456.085427284241,4546.060153722763,4395.058155655861,2461.032564520836,2023.0267688035965,10870.143834352491,8341.11037003994,4274.056554555893,4342.0574543476105,4769.063104510307,4382.057983636856,5969.078983187676,6449.085334658623,2160.0285816192627,2110.0279200077057,1735.022957921028,1862.024638414383,2487.032908558845,2482.03284239769,7978.105566740036,7192.09516620636,2479.0328027009964,2465.0326174497604,7501.099254965782,8072.106810569763,14205.187963843346,12480.165138244629,9873.130641818048,8684.114908695221,2209.029229998589,1981.0262130498888,5003.066200852394,4601.060881495476,2194.029031515121,2312.030592918396,23216.30719947815,19795.26193201542,5990.079261064529,7172.094901561737,4488.059386253357,4588.060709476471,1014.013417482376,902.0119354724884,3637.0481256246567,3318.043904542923,8630.11419415474,6733.0890926122665,14324.189538478851,14817.196061968803,3323.0439707040787,3379.0447117090225,5625.074431300163,5644.074682712555,3145.041615366936,2690.035594701767,1762.023315191269,1439.0190411806109,4850.06417632103,4913.065009951592,12293.162663817406,12792.169266700745,3758.0497267246246,3275.043335556984,2276.030116558075,2342.03098988533,2053.0271657705307,3205.042409300804,9506.125785589218,9625.127360224724,3565.0471729040146,3280.04340171814,1823.0241223573685,1937.0256308317184,15358.20322060585,14606.193269968033,2165.0286477804184,2556.033821582794,1202.0159051418304,1226.0162227153778,12718.16828751564,13889.183782458304,4902.064864397049,6293.083270430565,8577.113492846489,8705.115186572075,3320.0439310073853,3107.0411125421524,7915.104733109474,9518.125944375992,6289.08321750164,6065.080253481865,9040.119619369509,9444.124965190887,2874.0380294322968,2663.035237431526,1438.0190279483795,2082.0275495052338
14,sub-0209,1547251,1363220,182528,731154,597864,356482,289946,364240,294523,13395,162129,67401,430769,40346,136272,219006,248651,9799,76359,33221,212728,19937,67927,108246,122437,3930,75338,34180,218041,20409,68345,110760,126214,3672,22059,18499,13934,210605,220164,40346,80034,56238,104961,114045,114855,133796,10901,9328,6758,104562,108166,19937,39700,28227,50982,57264,56212,66225,11158,9171,7176,106043,111998,20409,40334,28011,53979,56781,58643,67571,21853,13911,114907,41307,18627,27811,12535,9827,37096,33111,78516,26445,12889,89669,12297,10850,6718,56075,21338,9581,13774,6163,4720,18966,16014,38015,12967,6448,42939,6825,11003,7193,58832,19969,9046,14037,6372,5107,18130,17097,40501,13478,6441,46730,5472,689,1508,612,580,1040,1055,24403,3764,3802,57828,58626,17510,17733,5042,4535,469,243,3203,3687,1877,1788,4905,4731,9171,9328,5476,5573,5097,2285,3050,644,593,111998,108166,28011,28227,56781,57264,67571,66225,395,538,4104,3620,2677,2600,13395,4796,4394,4355,4367,1780,1829,10534,8814,3384,3238,4959,4700,4687,4479,2302,2321,1855,1832,3016,2861,6441,6448,2300,2399,7910,7564,14267,12185,9026,8297,2315,2147,4377,4162,2379,2113,19059,18947,4064,5160,4284,4523,654,887,2375,2780,6926,6928,16743,15891,2580,2541,5107,4720,3408,3819,1476,1307,4864,5218,12824,12080,4070,3842,2838,2351,2232,3049,10879,10795,2624,2351,1896,2395,14269,13165,1931,2599,1448,1754,14015,12375,4541,5364,9622,9176,3576,3701,9466,9230,6409,6449,9311,8414,3589,3601,1645,1831
15,sub-0272,1387394.0772908926,1213045.87798059,172871.0959559679,672866.0810834169,509270.6341534853,309446.6522783041,229899.08625900745,353900.7627749443,266882.674036026,12488.873858451843,127221.9018381834,57028.99037301541,401487.092435956,36406.547400951385,123089.61269795896,195579.6848976612,220476.4269465208,14002.979801893234,56869.97924685478,28236.975768208504,199208.9388400316,18065.264043807983,56568.95818412304,81855.72752356529,94282.59704351424,5729.400891661644,60833.25656116009,28792.0146048069,202278.1535959244,18341.2833571434,66520.6545138359,113723.95737409592,126193.82990300655,6231.436019539833,19521.365928649902,15125.058314800262,11598.811579942703,205041.3469392061,196445.74549674988,36406.547400951385,75505.28317689896,47584.32952105999,100802.05321609974,94777.63168156148,109706.67628109457,110769.75066542624,9790.68506360054,7464.5222997665405,5654.395643472672,101640.11185586452,97568.8269841671,18065.264043807983,36073.52409899235,20495.43408513069,39806.78531885147,42048.94220471382,47563.32805156708,46719.26899194717,9730.680865049362,7660.536015033722,5944.415936470032,103401.2350833416,98876.91851258278,18341.2833571434,39431.75907790661,27088.8954359293,60995.26789724827,52728.68947684765,62143.34822952747,64050.48167347908,22295.56004166603,12326.862522363665,113417.93596148492,38665.70547640324,18335.282937288284,26596.86100780964,9809.686393141748,9962.69709944725,33994.37861919403,31548.207458257675,74676.22516691685,26125.82804918289,14572.019618153572,85602.98972308636,9531.666939854622,10938.765395879744,6078.425313234329,56966.98603451252,18858.319534659386,8797.615577578545,12922.90422797203,5142.359815835953,5157.360865473747,15404.07783806324,15512.08539545536,27107.896765470505,12698.888553380966,7312.51166343689,35532.48624205589,4718.330146074295,11356.794645786284,6248.4372091293335,56450.94992697239,19807.38594174385,9537.66735970974,13673.956779837608,4667.326577305794,4805.336233973503,18590.30078113079,16036.122062802317,47568.32840144634,13426.939495801926,7259.507954716682,50070.503481030464,4813.336793780327,1073.0750840902328,969.0678066015244,431.0301595926285,484.0338683128357,929.0650075674056,977.068366408348,16906.182941794395,3470.242816209793,3632.2541522979736,46740.27046144009,43715.05878448486,14092.98609972,13154.92046236992,3904.273185729981,3830.268007516861,58.004058599472046,94.00657773017883,6173.431960940361,5635.394313931465,1497.1047538518906,1394.097546339035,4332.30313539505,4280.299496650696,7660.536015033722,7464.5222997665405,4100.286900997162,4257.297887206078,4415.308943390846,2361.165212988853,2742.1918737888336,520.0363874435425,623.043594956398,98876.91851258278,97568.8269841671,27088.8954359293,20495.43408513069,52728.68947684765,42048.94220471382,64050.48167347908,46719.26899194717,397.0277804136276,425.0297397375107,3152.22056388855,2851.199501156807,2395.1675921678543,2378.166402578354,12488.873858451843,4713.32979619503,5061.354147791863,4074.2850816249847,3948.276264667511,1751.122527718544,1914.1339337825773,16972.18756020069,4125.288650393486,2466.172560453415,2540.1777386665344,5438.380528688431,4788.335044384003,5069.354707598686,5163.361285328865,1680.1175594329834,1928.134913444519,1847.1292454004288,1816.1270761489868,2093.1464594602585,2299.160874485969,7259.507954716682,7312.51166343689,2420.1693415641785,2289.16017472744,7026.491650342941,5335.373321175575,13008.910245895386,10612.742583751678,8500.594794750214,7808.546371459961,2052.143590450287,2017.141141295433,5379.376400113106,4275.299146771431,2137.149538397789,1782.124696969986,21229.48544740677,21577.5097990036,5612.392704486847,4293.300406336784,4547.318180203438,4349.304324984551,1298.0908286571505,575.0402361154556,3550.2484142780304,2707.18942463398,6490.454143285751,6177.432240843773,19200.3434664011,10243.716762661934,2541.1778086423874,2489.174169898033,4805.336233973503,5157.360865473747,4006.280323266983,3273.2290309667587,1430.1000654697418,1540.107762813568,3581.2505835294724,3586.250933408737,12128.848667144775,12123.84831726551,2987.2090178728104,3214.2249023914337,2174.1521275043488,2130.1490485668182,2252.15758562088,2193.153457045555,9720.680165290833,10481.73341691494,3006.2103474140167,2658.1859958171844,1749.122387766838,1934.1353332996368,13139.919412732124,12974.907866716385,1904.133234024048,1495.1046139001846,1458.1020247936249,1215.085020661354,11785.824665427208,12143.84971678257,3751.2624794244766,4687.327976822853,11076.775052547457,5075.355127453804,3410.238617658615,3286.229940652848,9798.685623407364,7425.519570708275,8467.592485547066,5554.388645887375,9393.657283186913,9121.638249754906,2766.193553209305,3158.220983743668,1160.081171989441,1289.0901988744736
16,sub-0207,1558118,1349178,207627,750675,562743,367545,273905,373837,275968,12870,137891,55990,426245,41839,151484,220837,257199,15265,63057,27526,210953,19993,76142,112404,126851,7840,65541,28464,215292,21846,75342,108433,130348,5345,17969,15549,10948,220988,205257,41839,92794,58690,109813,111024,129384,127815,8851,7695,5308,110441,100512,19993,46410,29732,55397,57007,63540,63311,9118,7854,5640,110547,104745,21846,46384,28958,54416,54017,65844,64504,24689,12758,123038,41694,18809,29172,12667,10125,42167,40502,83322,26491,16367,100904,12113,12513,6015,60988,21410,9515,13777,6216,5269,22045,19096,41741,13656,7150,50023,6367,12176,6743,62050,20284,9294,15395,6451,4856,20122,21406,41581,12835,9217,50881,5746,969,1111,436,498,1106,1062,20495,2830,2768,51976,49546,13565,13511,4117,3964,276,277,5069,7563,1508,1370,4344,4215,7854,7695,4539,4524,4652,2165,2476,646,629,104745,100512,28958,29732,54017,57007,64504,63311,412,576,3085,2674,2143,2058,12870,6077,5035,4266,3990,1997,2123,12058,10954,4022,3768,5216,4930,6465,5891,2743,2646,1540,1824,3203,3182,9217,7150,2317,2023,7062,8253,15244,13879,10919,9437,2238,2494,5430,4070,2242,1834,20857,23062,5315,6842,4475,4489,985,1015,2865,2775,7216,7443,17049,19121,3257,3624,4856,5269,3920,3260,1727,1563,3888,4672,11850,12641,3708,3570,2477,2025,2538,2761,10124,11365,3466,3407,1876,1934,14770,13691,2129,2431,1473,1587,13741,13085,4171,5748,10221,8726,4488,3326,9178,10696,7262,7080,11326,9943,3832,3145,1741,2002
17,sub-0211,1761672,1571044,189106,876251,651529,431237,316036,433135,321850,13643,177330,71220,515148,44911,154951,248440,290820,17237,82967,35412,252787,24934,75891,125447,143969,8165,82484,35808,262361,19977,79060,122993,146851,6302,22516,20896,14480,265354,249794,44911,97341,57610,125472,122968,145072,145748,11272,10479,7008,130261,122526,24934,48235,27656,62093,63354,72246,71723,11244,10417,7472,135093,127268,19977,49106,29954,63379,59614,72826,74025,31110,16990,141602,53148,22504,31533,13378,10930,43832,42579,92769,32703,21247,110068,13757,15609,8443,70004,25019,11186,17755,7179,5070,21717,21448,46503,15590,10541,54581,7124,15501,8547,71598,28129,11318,13778,6199,5860,22115,21131,46266,17113,10706,55487,6633,1149,1621,508,571,1189,1294,26027,3817,3708,64418,65064,18066,17903,4660,4547,113,189,6189,7976,1795,1858,5124,5135,10417,10479,5451,5866,5666,2605,3608,812,826,127268,122526,29954,27656,59614,63354,74025,71723,536,634,4241,3716,2695,2658,13643,5178,8503,5477,5459,2969,2467,12819,11564,4330,4096,5901,5393,6185,6298,2330,2803,2334,2398,3245,3528,10706,10541,2918,2909,8222,7288,15792,14530,10616,11054,3532,3280,4232,4397,2929,2582,27060,26442,6283,7340,5312,5636,1007,590,3713,2766,9812,7554,19885,19926,3360,3383,5860,5070,2508,3640,2229,2066,4368,4855,16106,15000,3869,4376,3070,2984,3083,3395,11089,13028,3688,4226,2366,2666,16801,14268,2329,2180,2016,2226,15683,14931,6741,6982,12171,11270,4250,3706,10187,10641,8733,8126,11077,11999,4072,5129,1938,2278
18,sub-0212,1476042,1288306,186433,721045,532254,350956,255030,359867,265860,11364,150411,59722,406764,37534,142595,199323,236283,15571,69631,29476,198224,19100,70725,99660,114416,6039,70558,30246,208540,18434,71870,99663,121867,7049,20154,16274,12042,209969,196795,37534,85801,56794,100121,99202,118322,117961,10059,8156,5883,102978,95246,19100,42621,28104,49619,50041,57638,56778,10095,8118,6159,106991,101549,18434,43180,28690,50502,49161,60684,61183,22351,13978,114503,40982,18155,26275,11259,9508,39280,37013,74268,25853,17199,89504,11619,11075,6749,55812,20325,9017,13400,5700,4648,19667,18306,36625,12994,8393,43496,5749,11276,7229,58691,20657,9138,12875,5559,4860,19613,18707,37643,12859,8806,46008,5870,585,1898,459,577,1101,1084,19436,3467,3483,55989,55407,14569,14224,4180,3599,334,254,6715,5785,1623,1572,4546,4427,8118,8156,4549,4754,5043,2053,3126,695,593,101549,95246,28690,28104,49161,50041,61183,56778,463,628,3359,2980,2337,2275,11364,3556,4432,4898,4592,1595,1558,11301,10716,4004,4625,4547,4188,5432,4872,2577,2371,2020,2090,2929,3095,8806,8393,2273,2319,7571,7081,13874,12099,9271,8809,2511,2249,4939,4918,1896,1852,20583,18109,5240,5765,4238,4758,998,458,2767,2410,8162,7234,13538,14807,3178,3189,4860,4648,3448,3121,1678,1475,4380,4050,11861,12536,2982,3329,2331,2157,2571,2739,10949,10648,2932,2510,1964,2164,12868,12560,2219,2176,1160,1454,13355,13755,4399,5056,8109,7424,3624,3632,7284,7837,7801,7129,10795,9461,3830,3697,1687,1409
19,sub-0252,1568299.6864455938,1426814.046377778,140160.56851541996,779634.0993776321,591708.9516278505,386985.8968096972,287209.5089952946,381297.5896474123,291497.740555048,13001.702077507973,164915.9052761793,63830.44677340984,436033.5453283787,42073.27191007137,160047.64239537716,233504.6089901924,247631.37181973457,34194.84648382664,78722.25091433525,31899.72254967689,216349.68264317515,20577.11114120484,77069.16164934635,120834.52493047714,123545.67132937908,15253.823689579964,74843.04144132137,31930.72422373295,219683.86268520355,21496.16076886654,82978.48074603081,112670.08405971529,124085.70049035548,16394.88530564308,20716.11864745617,18144.979808807373,12978.700835466385,221624.9675027132,214408.57782566547,42073.27191007137,99079.35017514227,60968.29222023487,117684.35482478142,115820.254165411,117860.36432909966,129771.00749063492,10263.554220557213,9300.502216815948,6327.3416694402695,110721.97886419296,105627.70377898216,20577.11114120484,48502.61908769608,28566.54256165028,60856.28617203236,59978.23875844479,59078.19015681744,64467.481172561646,10452.564426898956,8844.477591991425,6651.359166026115,110902.98863852024,108780.87404668333,21496.16076886654,50576.73108744621,32401.749658584595,56828.06865274906,55842.01540696621,58782.17417228222,65303.52631807327,23108.247819781303,13574.733020544052,119029.4274572134,47536.56692194939,18375.99228322506,30212.63144862652,11860.640461444857,10972.592507839205,44077.38012969494,44029.37753760815,86441.66775429249,31242.68707048893,16400.88562965393,91105.91961872578,10353.559080719948,11005.594289898872,6820.368292331696,59210.197285056114,24179.30565571785,9506.51334118843,14571.786860346794,6005.32428085804,6127.330869078636,20978.13279592991,21397.15542268753,44099.38131773472,16756.904854297638,8062.435362577438,45063.43337547779,5952.321418762207,12102.653529882433,6754.364728212357,59819.23017215729,23357.261266231537,8869.478942036629,15640.844588279724,5855.316180586815,4845.261638760567,23099.24733376503,22632.222114920616,42342.28643655777,14485.782216191292,8338.450267076492,46042.48624324799,4401.237661957741,1216.0656661987305,1330.0718224048617,561.0302950143814,548.0295929908752,1159.062588095665,1137.061400055885,21276.148888468742,3621.195540547371,3577.193164467812,57432.1012698412,61677.33050751686,17410.94017148018,17044.92040681839,4294.231883764267,4281.231181740761,173.0093423128128,197.0106383562088,16221.875963330269,15056.813051223757,1737.0938011407852,1595.0861328840256,4533.244790196419,4543.2453302145,8844.477591991425,9300.502216815948,5107.275787234306,5197.280647397041,5265.284319519997,2772.149693012237,3313.178907990456,590.0318610668182,529.0285669565201,108780.87404668333,105627.70377898216,32401.749658584595,28566.54256165028,55842.01540696621,59978.23875844479,65303.52631807327,64467.481172561646,532.0287289619446,668.0360732078552,3600.1944065093994,3227.1742638349533,2519.1360305547714,2432.131332397461,13001.702077507973,5766.311374425888,5206.281133413315,4641.250622391701,4440.239768028259,2032.1097316741943,1660.0896430015564,9568.516689300535,10323.557460665705,4308.232639789581,4596.248192310333,4722.254996538162,4207.2271856069565,6841.369426369667,6160.332651138306,2420.130684375763,2472.133492469788,2070.1117837429047,2124.1146998405457,2803.1513670682907,2563.1384066343307,8338.450267076492,8062.435362577438,2179.117669939995,2247.12134206295,8218.443786859512,7969.430340409279,13519.730050444605,12281.663196206093,11482.620048761368,10640.574579238892,2226.120208024978,2276.122908115387,5781.312184453011,4563.246410250664,2264.122260093689,2078.11221575737,21052.13679206372,20271.09461665153,6155.332381129265,5847.31574857235,4233.228589653969,4323.233449816704,811.043795466423,849.0458475351334,4301.232261776924,3122.168593645096,7411.400207400322,7482.404041528702,16960.915870666504,16812.907878398895,4456.24063205719,3168.1710777282715,4845.261638760567,6127.330869078636,3207.17318379879,3016.16286945343,1479.0798686742785,1381.074576497078,4093.2210294008255,4802.259316682816,13674.738420724869,15907.859006762505,3435.185496211052,3533.1907883882523,2113.114105820656,2380.1285243034363,2077.112161755562,3175.1714557409286,11612.62706899643,12798.691115140917,3611.195000529289,2746.148288965225,1753.094665169716,2144.115779876709,12740.68798303604,13222.714011907578,1621.087536931038,2080.1123237609863,1507.081380724907,1393.075224518776,14626.789830446243,15081.81440126896,5694.3074862957,7856.424238204956,9956.537642002106,9759.527003645895,4269.230533719063,3993.215629220009,11204.605036258698,11217.605738282204,5710.308350324631,6036.325954914093,9851.531971812248,9932.53634595871,3910.211147069931,3674.198402643204,1027.055459856987,1728.0933151245115
20,sub-0236,1672440.638563633,1474637.6494367125,196063.93647146225,790724.9417617321,637028.2880971432,390999.8387880325,309275.3643145561,389451.7919158936,313691.4980273247,14061.425755262377,153074.6348309517,64272.94607186317,474038.3530483246,43862.32807421684,149764.5346069336,247007.47895240784,270837.20047450066,26143.79158806801,69795.11327338219,32124.97268772125,235007.1156024933,22903.69348359108,75925.2988846302,128196.88157629968,130946.96484398842,11738.35541677475,73006.21049976349,32147.97338414192,239031.2374458313,20958.634590625763,73839.23572230339,118810.59737610816,139890.23563051224,11600.351238250732,21195.64176678657,17823.539665460587,13489.408435583116,231577.01174497604,242461.3413033485,43862.32807421684,91763.77844595908,58000.7561609745,119948.63183379172,127058.8471186161,130780.95981764792,140056.24065685272,10512.318294525146,9223.279264688492,6556.198510169983,114658.47165703772,120348.64394545557,22903.69348359108,47831.44825220108,28093.850632429123,62067.879306316376,66129.00226998329,62831.90243959427,68115.06240439415,10683.323472261429,8600.260400772095,6933.209925413132,116918.54008793832,122112.697357893,20958.634590625763,43932.33019375801,29906.90552854538,57880.75252747536,60929.84484863281,67949.05737805367,71941.17825245857,23965.72564005852,13420.406346321106,127882.87206864356,47305.43232536316,19002.57536458969,31372.94991779328,12489.378156423569,11383.344667673113,40536.22736573219,39844.20641255379,88277.67289280891,31670.95894098282,18898.5722155571,99307.00684165956,12575.38076043129,11768.356325149536,6668.201901435852,63573.92490673065,22502.6813416481,10145.307182073591,16704.505783081055,6199.187700510025,6709.203142881393,21751.658601999283,19370.586507320404,44750.35496211052,17317.524344205856,9294.28141450882,46487.40755701065,7050.213468074799,12197.36931490898,6752.204444885254,64308.94716191292,24802.750983715057,8857.268182516098,14668.44413471222,6290.190455913544,4674.1415247917175,18784.56876373291,20473.619905233383,43527.3179306984,14353.434596776962,9604.29080104828,52819.599284648895,5525.167292356491,1167.03533577919,1638.0495972633362,511.015472650528,565.0171077251434,1178.035668849945,1121.033942937851,20740.627989768986,3630.109913349152,3493.105765104294,56597.71367931366,55137.66947174072,16408.49682044983,14657.443801641464,4211.127505540848,4140.12535572052,171.00517773628235,44.00133228302002,11429.34606051445,11694.35408449173,1769.0535638332367,1643.049748659134,4773.144522428513,4811.145673036575,8600.260400772095,9223.279264688492,5459.165293931961,5375.162750482559,5380.162901878357,2161.0654332637787,2732.0827226638794,572.0173196792603,542.0164113044739,122112.697357893,120348.64394545557,29906.90552854538,28093.850632429123,60929.84484863281,66129.00226998329,71941.17825245857,68115.06240439415,520.0157451629639,559.0169260501862,3864.116998672485,3456.1046447753906,2549.0771815776825,2541.076939344406,14061.425755262377,4960.150184631348,5794.175437450409,4151.125688791275,4022.1217827796936,2214.0670380592346,1719.0520498752594,11063.334978342056,10680.32338142395,2963.0897171497345,3472.105129241944,4733.143311262131,5026.152183055878,7707.23336148262,6167.18673157692,2333.0706412792206,2191.066341638565,1814.0549263954165,1839.055683374405,2585.078271627426,2639.0799067020416,9604.29080104828,9294.28141450882,2664.0806636810303,2664.0806636810303,6604.199963569641,7563.229001283646,15715.475836992264,14113.427329778671,9803.296826601028,9731.29464650154,2476.074971199036,2313.0700356960297,5203.157542467117,5848.177072525024,2154.065221309662,1959.0593168735504,22068.66820049286,21307.645158052444,4932.14933681488,6778.205232143402,4331.131139039993,4883.147853136063,1285.0389087200165,1111.0336401462555,4134.125174045563,3758.1137890815735,8700.26342868805,7390.223762989044,17003.51483654976,16180.489916801453,2602.0787863731384,3434.1039786338806,4674.1415247917175,6709.203142881393,2772.083933830261,2887.087415933609,1773.0536849498749,1397.0422999858856,4505.136407613754,5062.153273105621,13068.395688056946,16206.4907040596,3957.119814634323,4008.12135887146,2601.078756093979,2646.0801186561584,2310.069944858551,3280.0993156433105,11309.342427015305,11319.3427298069,3176.096166610718,2853.0863864421844,1900.0575304031368,2033.0615575313568,15427.467116594316,13838.419003009796,1727.0522921085358,2724.082480430603,1285.0389087200165,1360.0411796569824,15882.480893611908,17505.53003668785,5865.177587270737,5371.162629365921,10650.322473049164,10841.328256368635,4646.14067697525,3976.1203899383545,10504.31805229187,11909.360594511032,8032.243202209473,6499.196784257889,12068.3654088974,9694.293526172638,3800.1150608062735,3999.121086359024,1898.057469844818,2293.0694301128387
21,sub-0292,1342787.2668340206,1200303.2352170944,141424.9793524742,674144.2691614628,496215.4883387089,330126.2918019295,241997.94264936447,334805.5227229595,244365.05946707728,9852.48622226715,158108.80270266533,57315.82854819298,375731.54243063927,36445.79860782623,132107.5195338726,191817.4662322998,199607.8506894112,10828.534390449524,73352.61996722221,28422.402651548386,185224.1408503056,18530.91450452805,65925.25342512131,97577.81548571588,98345.8533885479,4333.213845014572,75543.72809886932,28893.425896644592,190507.4015803337,17914.884103298187,66182.2661087513,94239.65074658394,101261.99730086328,3932.1940546035767,19660.970273017883,15570.76842069626,11352.560251235962,187668.26146817207,188063.2809624672,36445.79860782623,82262.0596499443,49845.4598839283,97805.82673811913,94011.63949418068,97639.81854557992,101968.03214383124,9673.47738814354,7902.389984607696,5553.274055242538,92740.57676696776,92483.56408333778,18530.91450452805,41449.04551911354,24476.207906007767,49010.418674468994,48567.39681124687,47754.35668754578,50591.49670100212,9987.492884874344,7668.378436088562,5799.286195993424,94927.6847012043,95579.7168791294,17914.884103298187,40813.014130830765,25369.25197792053,48795.40806365013,45444.24268293381,49885.46185803413,51376.53544282913,19291.95206189156,12002.59233045578,103798.1224591732,38379.89405584335,14195.700560808182,26189.29244709015,10256.506160736084,9400.463914871216,35054.72995829582,37806.86577677727,71998.5531437397,25807.273594379425,14529.717044591904,75177.71003580093,7932.391465187073,9546.471120357512,5963.294289827347,51433.53825592995,18646.920229434967,7150.352871417999,13402.661424160004,5128.253080368042,5201.256683111191,18030.88982820511,18216.89900779724,36132.78316044808,12877.63551402092,7135.352131128311,36664.80941605568,3954.195140361786,9745.480941534042,6039.298040628433,52364.584203243256,19732.973826408383,7045.347689390183,12786.631022930143,5128.253080368042,4199.207231760025,17023.840130090714,19589.966768980023,35865.769983291626,12929.638080358503,7394.364913463592,38512.900619745255,3978.196324825287,520.0256633758545,2043.1008274555209,508.025071144104,516.025465965271,891.0439732074738,873.043084859848,19114.94332647324,3138.1548686027527,3084.1522035598755,59374.93016529083,57771.8510529995,16168.797933578491,15580.768914222715,4027.198743104935,3810.18803358078,147.00725483894348,95.00468850135805,3785.186799764633,4238.209156513214,1476.07284450531,1370.0676131248474,4865.240100622177,4703.2321054935455,7668.378436088562,7902.389984607696,4627.228354692459,4745.234178304672,4175.206047296524,2241.110599279404,2796.137989997864,610.0301051139832,520.0256633758545,95579.7168791294,92483.56408333778,25369.25197792053,24476.207906007767,45444.24268293381,48567.39681124687,51376.53544282913,50591.49670100212,392.0193462371826,575.0283777713776,3289.16232085228,2842.140260219574,2118.104528903961,2136.105417251587,9852.48622226715,4580.226035118103,5821.287281751633,3976.196226119995,3801.187589406967,1809.089278936386,1263.062332391739,9338.460855007172,8254.407356739044,3723.183739900589,4234.208959102631,3742.1846776008606,3590.177175998688,6623.326862573624,5969.294585943222,1864.0919933319087,1919.0947077274325,1962.0968298912048,1733.0855281352997,2327.114843606949,2391.118002176285,7394.364913463592,7135.352131128311,1964.0969285964968,1825.09006857872,6613.326369047165,6986.344777584076,10817.53384757042,10418.514155864716,9243.456166505814,8013.395462751389,2036.1004819869995,2046.1009755134585,4822.2379784584045,3929.193906545639,1856.0915985107424,1641.0809876918793,17393.858390569687,17500.863671302795,4060.200371742249,4931.243357896805,3482.1718459129333,3719.1835424900055,664.0327701568604,847.0418016910553,3007.148403406143,2963.1462318897247,7584.374290466309,5975.294882059097,13564.669419288635,13047.643903970718,2433.1200749874115,3100.152993202209,4199.207231760025,5201.256683111191,3800.187540054321,3075.1517593860626,1099.0542385578156,1243.0613453388214,3384.1670093536377,3652.180235862732,12265.605310201645,12030.593712329865,3264.161087036133,3209.1583726406097,2063.101814508438,2162.10670042038,1341.066181898117,1827.090167284012,9963.491700410845,10854.535673618317,2418.1193346977234,2518.124269962311,1758.0867619514463,1681.0829617977142,11937.589122533798,11222.553835391998,1185.0584828853607,1328.0655403137207,1010.0498461723328,946.0466876029968,12958.639511585236,12575.620609521866,4311.212759256363,5296.261371612549,7965.393093824387,7799.3849012851715,3917.193314313889,3013.1486995220184,8598.424334049225,9224.455228805542,5927.292513132095,5131.25322842598,8203.404839754105,8067.398127794266,2848.140556335449,3425.1690328121185,1035.0510799884796,945.046638250351
22,sub-0238,1331991.6958138945,1193645.454457283,136936.24908852577,658531.3888394833,503114.241093874,326455.2098314762,244959.65672516823,323640.2252678871,244823.6574709416,13330.926897764206,132583.2729587555,58635.6784620285,389387.8647303581,37850.792439222336,112836.38124394415,196455.92270302773,211431.840580225,12512.931383371351,61903.66054153442,29073.84056901932,193131.9409306049,19072.89541077614,58508.67915844917,101254.44475531578,103837.4305911064,6347.965189933777,62243.658677101135,29561.837893009186,196255.9237997532,18777.8970284462,54327.702085495,95201.47794771194,107594.40998911858,3869.978778362274,19828.891265153885,16168.911335229874,11751.935556411743,199176.9077820778,190210.9569482804,37850.792439222336,69554.6185863018,43281.762657642365,98703.45874404909,97752.46395897864,102573.43752241136,108858.40305781364,9866.94589304924,8290.954535245895,5681.968842029572,99391.45497131348,93740.48595929146,19072.89541077614,36163.80169010162,22344.87746834755,50612.72245717049,50641.722298145294,50088.7253305912,53748.70526051521,9961.945372104645,7877.956799983978,6069.966714382172,99785.45281076431,96470.47098898888,18777.8970284462,33390.81689620018,20936.88518929481,48090.736286878586,47110.74166083336,52484.71219182015,55109.69779729843,21187.88381290436,12764.930001497269,111797.38694143295,38195.79054737091,15230.9164788723,28128.84575104713,9721.9466881752,9137.949890613556,32892.819627046585,27523.849068641663,74681.59047174454,24021.86827230453,13912.923706293106,78857.56757211685,9802.946244001389,10564.942065477371,6218.965897321701,56031.69274139404,19020.89569592476,7554.958571195602,14244.921885728836,4827.973525047302,5090.972082853317,17899.901843070984,13172.927764177322,38451.78914356232,12160.93331360817,6762.962914228439,38142.79083800316,5182.971578359604,10622.941747426989,6545.964104175568,55765.69420003891,19174.89485144615,7675.957907676697,13883.923865318298,4893.973163127899,4046.977807760239,14992.9177839756,14350.92130446434,36229.80132818222,11860.934958696364,7149.960792064667,40714.77673411369,4619.974665641785,914.9949824810028,1379.992432594299,466.9974391460418,497.99726915359497,923.9949331283568,982.9946095943452,19486.893140554428,3469.980971813202,3395.9813776016235,47618.73887515068,47733.73824453354,14624.919801950457,14169.922297000883,4204.976941347122,3755.9794034957886,170.9990622997284,117.99935293197632,3698.979716062546,6229.9658370018005,1516.9916813373566,1413.9922461509705,4507.975279808044,4558.975000143051,7877.956799983978,8290.954535245895,4500.975318193436,4631.974599838257,4368.976042032242,1868.98975110054,2197.987946987152,494.9972856044769,522.997132062912,96470.47098898888,93740.48595929146,20936.88518929481,22344.87746834755,47110.74166083336,50641.722298145294,55109.69779729843,53748.70526051521,437.9975981712341,578.9968249797821,3368.981525659561,2874.984234571457,2262.9875905513763,2227.9877824783325,13330.926897764206,4541.975093364716,5332.970755815506,4448.975603342056,4267.976595878601,2120.988369226456,1451.9920377731323,10181.944165706636,9207.949506759644,2841.9844155311584,2922.9839713573456,4159.977188110352,3659.9799299240112,4422.975745916367,3985.978142261505,1641.9909958839417,1649.990952014923,1808.9900801181795,1839.9899101257324,2431.9866638183594,2494.9863183498383,7149.960792064667,6762.962914228439,2187.9880018234253,2092.9885227680206,5143.971792221069,6657.963490009308,12178.933214902878,10347.9432554245,7085.961143016815,6263.965650558472,1924.9894440174105,2107.988440513611,5610.969231367111,4500.975318193436,1776.9902555942535,1525.9916319847107,19399.893617630005,19231.894538879395,4139.977297782898,6205.965968608856,3780.9792664051056,3978.978180646896,1078.9940831661224,1169.9935841560364,2898.984102964401,2786.984717130661,6989.961669445038,6540.964131593704,14892.918332338331,13932.92359662056,1875.989712715149,2299.987387657165,4046.977807760239,5090.972082853317,2422.986713171005,3020.9834339618683,1540.991549730301,1802.9901130199432,3730.979540586472,4410.975811719894,10781.940875530245,10990.939729452131,3251.982167243957,3177.982573032379,2096.988500833512,1950.9893014431,1706.990639448166,2054.9887311458588,8878.951310873032,9836.94605755806,2795.984667778015,3025.983406543732,1861.989789485932,1997.989043712616,13475.926102638245,12121.933527469637,1661.9908862113953,1994.989060163498,1127.9938144683838,1207.9933757781982,13218.927511930466,14068.922850847244,4192.97700715065,4865.973316669464,8373.954080104828,8770.951903104782,3832.978981256485,2735.9849967956543,8794.951771497726,10635.941676139832,5732.968562364578,6414.9648225307465,7909.956624507904,7446.959163427353,3274.982041120529,3289.9819588661194,1095.993989944458,1189.99347448349
23,sub-0244,1350163.354307294,1211413.151967168,137675.1542838812,659031.4596850872,522632.3624428511,325530.5516991616,252820.3014429808,323338.4537091255,259172.58539950848,10639.475600361824,138651.19791448116,58496.61488556862,390745.4669027329,34889.55961513519,136961.1223655939,197360.82232189176,204542.14333760733,10702.47841668129,63933.85793840885,29197.305162906647,195234.7272822857,17765.794157385826,67041.99687683582,99823.46225702764,100603.49712574482,4826.2157390117645,64554.88569927216,29299.30972266197,195510.7396204472,17123.765457749367,69919.12548875809,97537.36006486416,103938.64621186256,4060.181496143341,18474.825852155685,16513.738188624382,11993.536128878592,195310.73067975044,195434.7362229824,34889.55961513519,80642.60484421253,56318.51752138138,98529.40441071989,98831.41791117191,96224.30136919022,108317.84196841715,9271.414445996284,8406.375777482986,5860.261962413788,98425.39976155758,96809.32752072813,17765.794157385826,39917.78438425064,27124.212492585182,49583.21644341946,50240.24581360817,47706.13253498077,52897.364590764046,9203.4114061594,8107.362411141396,6133.274166464806,96885.33091819286,98625.4087022543,17123.765457749367,40724.82045996189,29194.3050287962,48946.187967300415,48591.17209756374,48518.16883420944,55420.47737765312,21165.946149230003,11899.531926751137,107815.8195272684,40505.81066989899,13923.622406601906,24827.109808683395,10062.449806451796,9185.410601496696,36081.61290168762,35375.58134102821,72768.25284898281,25761.15156173706,12471.557497143744,76255.40873003006,7497.335142016411,10580.472962856293,5940.265538692474,53339.38434970379,21184.94699859619,7380.329911708832,12490.558346509932,5275.235810875893,4753.212475657463,17988.804126262665,17175.767782330513,36730.64191424847,12852.57452917099,6386.285476446152,37425.67298316956,3894.1740753650665,10585.47318637371,5959.266388058662,54476.43517756462,19320.863671302795,6543.292494893074,12336.551462173462,4787.213995575905,4432.198125839233,18092.80877542496,18199.8135586977,36037.61093473434,12908.57703256607,6085.272020697594,38829.7357468605,3603.161066651344,659.0294595956802,1157.0517219305038,489.0218600034714,466.020831823349,969.0433176755904,1006.044971704483,19046.85142254829,2873.12843310833,3048.1362562179565,47974.14451551437,48795.1812170744,16580.741183757782,15138.676721334456,4365.195130705833,4148.185430049896,93.00415742397308,96.00429153442384,3967.177338719368,4730.211447477341,1568.070095062256,1457.0651329755783,4273.191017985344,4300.192224979401,8107.362411141396,8406.375777482986,4627.206843018532,4750.212341547012,4576.204563140869,2343.104740262032,3243.144973397255,505.0225752592087,521.023290514946,98625.4087022543,96809.32752072813,29194.3050287962,27124.212492585182,48591.17209756374,50240.24581360817,55420.47737765312,52897.364590764046,458.0204741954804,584.0261068344116,3377.150963664055,3018.134915113449,2298.1027286052704,2258.100940465927,10639.475600361824,4147.185385346413,4274.191062688828,3933.175818800926,3626.162094831466,1776.0793933868408,1497.0669211149216,10500.469386577606,9101.406846404076,3538.1581609249115,3734.1669228076935,3567.159457325936,3917.175103545189,5570.248998403549,5041.225350260735,1575.070407986641,1817.081226229668,1768.0790357589722,1693.0756829977036,2820.1260638237,2570.114887952805,6085.272020697594,6386.285476446152,2147.0959783792496,2222.099331140518,6506.2908408641815,6421.287041068077,10779.481858849524,9134.408321619034,9091.40639936924,8400.375509262085,1992.0890493392944,2158.096470117569,4852.216901302338,4015.17948448658,1764.0788569450378,2012.089943408966,17582.78597664833,18352.82039833069,5089.2274960279465,5522.246852636337,3830.171214342117,3837.1715272665024,1222.0546276569366,720.0321865081787,3105.1388043165207,2631.117614865303,6598.294953584671,7037.314578413963,13817.617668032646,13816.617623329164,3123.139608979225,2843.1270920038223,4432.198125839233,4753.212475657463,3334.149041414261,2883.1288801431656,1356.0606179237366,1506.0673234462738,3337.149175524712,4201.187799334526,11686.522404909134,12132.542342662811,3212.143587589264,3458.154584646225,2026.090569257736,2314.103443861008,1208.0540018081665,1770.079125165939,8627.385656952858,11018.4925429821,2987.133529305458,3088.1380443573,1383.0618249177933,1818.0812709331512,12071.539615750313,11665.52146613598,1141.0510066747663,1139.0509172677994,1035.046268105507,1300.058114528656,14034.627368688583,13537.605151057243,4671.208809971809,5982.267416238785,8122.363081693649,8371.374212861061,3374.150829553604,3202.143140554428,8787.392809510231,8239.368312001228,6257.27970969677,6514.29119849205,7975.356510281563,7960.355839729309,3277.1464933156967,2824.1262426376343,1079.0482350587845,937.041887164116
24,sub-0204,1419984,1280588,138321,709448,542696,349280,262046,350880,266661,13989,130103,64273,407513,41428,133707,203982,247542,7750,61230,31847,200097,21542,68138,102832,120832,3121,59585,32426,207416,19886,65569,101150,126710,2967,21441,17683,12657,206366,201147,41428,82540,51167,102828,101154,122340,125202,10593,8986,6110,101882,98215,21542,42397,25741,51095,51737,59276,61556,10848,8697,6547,104484,102932,19886,40143,25426,51733,49417,63064,63646,21076,13374,117412,37578,16926,28990,12438,9391,36718,36431,78321,24507,17048,94565,10727,10484,6516,57704,18683,8495,14933,6609,4666,19840,17891,38226,12869,7613,45572,6091,10592,6858,59708,18895,8431,14057,5829,4725,16878,18540,40095,11638,9435,48993,4636,485,1177,523,580,1096,1136,20694,3634,3426,45691,47351,13894,13879,4662,4293,383,131,2584,2990,1833,1740,4858,4847,8697,8986,4799,4808,4567,2105,2616,729,576,102932,98215,25426,25741,49417,51737,63646,61556,391,565,3746,3180,2410,2365,13989,4767,5089,4621,4340,1723,1695,10973,9246,3785,3897,3972,3833,5971,5127,2424,2699,2568,1815,2969,2795,9435,7613,2036,2011,5454,7438,14290,11463,8784,8867,2401,2086,5257,5198,1823,1585,18481,19211,4526,6279,3830,4125,649,673,2947,2665,6992,6495,16380,16661,2553,2756,4725,4666,3816,2835,1474,1762,4033,4646,10989,12196,3405,3910,2237,2176,1891,2847,10224,10548,2638,2578,2006,2282,14535,12545,1589,2226,1046,1187,14093,14495,4051,4740,9590,8473,4345,3367,9308,9959,7653,7413,10670,10035,4340,4061,1041,1583
25,sub-0203,1592474,1337374,253370,716672,582437,351888,281446,354013,287078,13913,160750,63374,418851,40197,140975,212659,238510,17223,74886,31640,206544,21168,66913,107085,120044,7030,75093,31734,212307,19029,74062,105574,118466,7687,20119,17867,12724,205113,213738,40197,83259,57716,99035,113624,109203,129307,10136,9050,6217,101146,105398,21168,40052,26861,49457,57628,55437,64607,9983,8817,6507,103967,108340,19029,43207,30855,49578,55996,53766,64700,23415,13041,111639,40205,16813,28935,11262,9968,37948,35343,72829,26206,14449,83768,10986,11070,6377,55337,19773,8589,15202,5966,4772,17532,17748,36251,13206,7046,42349,6042,12345,6664,56302,20432,8224,13733,5296,5196,20416,17595,36578,13000,7403,41419,4944,773,1733,542,611,1052,1139,21042,3440,3561,59239,59205,15854,15681,4755,4437,191,443,7496,6587,1693,1678,4308,4286,8817,9050,4826,5054,5100,2531,3140,661,620,108340,105398,30855,26861,55996,57628,64700,64607,462,507,3654,3345,2391,2365,13913,5069,6578,4121,4173,2110,1401,9633,8952,3105,2853,4230,4181,4886,5337,1900,2274,1562,1679,2798,2699,7403,7046,2299,1993,8033,6426,12635,11496,9604,9558,2136,2216,4200,3778,2383,2098,17835,17314,4743,5184,4175,4168,937,811,2596,2522,6822,5843,15060,15993,3944,2505,5196,4772,3331,3188,1543,1601,4464,4846,12063,12395,3396,3692,2543,2204,2432,2729,9780,10294,3924,3285,1650,2015,14495,13569,1812,2318,1226,1422,12467,12526,5106,5895,9166,7792,3696,3417,7999,9213,5342,5731,8382,9129,3833,4440,1482,1709
26,sub-0214,1536879,1379019,156511,799942,545755,391536,265650,396612,269579,10526,173470,68090,413330,45065,152304,209462,262729,10019,79995,33553,202818,23551,78191,105777,127910,4172,81681,34537,210512,21514,74113,103685,134819,3453,22278,19093,12736,221662,191668,45065,95517,56787,109764,99698,133337,129392,10982,9645,6205,109068,93750,23551,48977,29214,54673,51104,64922,62988,11296,9448,6531,112594,97918,21514,46540,27573,55091,48594,68415,66404,24269,15953,116132,47326,17982,30642,14423,11058,41237,43222,81946,27818,20154,100816,12367,12067,7927,57695,22586,8793,16388,7163,6217,22033,20727,40346,14327,10479,47515,6928,12202,8026,58437,24740,9189,14254,7260,4841,19204,22495,41600,13491,9675,53301,5439,810,1584,558,600,1227,1264,23303,3740,3541,64452,62997,17229,16998,5315,4724,262,153,3191,4019,1739,1705,5259,5136,9448,9645,5330,5391,5595,2658,3541,733,720,97918,93750,27573,29214,48594,51104,66404,62988,359,551,3739,3312,2433,2342,10526,4132,5950,5292,5276,1937,1654,11944,10211,4090,4000,4625,4140,7554,6506,2922,2833,2314,2466,3340,3124,9675,10479,2473,2003,7667,9215,15105,13103,10851,10221,2222,2616,5475,5314,2154,1507,18652,18760,4531,5687,4545,4648,894,1211,3167,3120,9638,7629,17825,17258,3266,3554,4841,6217,3556,3464,2039,1579,4647,5124,12597,13116,4338,4330,2734,2651,2250,2187,10170,11655,3498,3149,2380,2620,12594,12649,1535,2273,1399,1530,14228,13567,5909,6797,11130,9533,3740,3577,8356,8947,8445,7146,11926,10008,4028,4552,1524,2035
27,sub-0213,1367396,1193469,172433,655787,503230,317822,241951,328278,249774,11505,129198,57275,387468,37205,125800,187529,214298,16459,59039,28156,190672,18567,62726,92706,103479,8162,60472,29119,196796,18638,63074,94823,110819,6522,20284,15233,11413,196204,191264,37205,76556,49244,91514,96015,105369,108929,10045,7501,5601,96796,93876,18567,38176,24550,44473,48233,50833,52646,10239,7732,5812,99408,97388,18638,38380,24694,47041,47782,54536,56283,21783,14264,106788,37784,15585,25893,11312,9419,35797,31340,67743,23771,14267,80725,10377,10911,6934,52480,18641,7830,13141,5426,4511,18302,15363,33136,11337,7253,38248,5332,10872,7330,54308,19143,7755,12752,5886,4908,17495,15977,34607,12434,7014,42477,5045,514,1261,495,618,991,1035,17993,3812,3603,46968,46422,13504,12617,3815,3358,192,166,6330,7996,1581,1578,4351,4246,7732,7501,4311,4428,4904,1919,2864,616,530,97388,93876,24694,24550,47782,48233,56283,52646,447,557,3148,2798,2217,2246,11505,4366,4599,5119,4845,1963,1547,9792,8541,2798,3073,3581,3862,4843,4123,2570,2174,1970,1793,2891,2937,7014,7253,2255,1992,7240,7105,11070,9707,8336,8167,2354,2297,4639,3900,1965,1659,18381,18173,4328,5362,4078,4487,1129,574,3048,2059,6514,6456,13930,13267,2735,3073,4908,4511,3159,2806,1871,1415,3747,4642,11305,10763,3316,3252,2211,2089,2204,2175,8746,9417,2477,2580,1859,2136,11624,10845,1996,1751,1048,1350,12472,12462,4313,5125,7564,7359,3192,2762,8505,7819,7701,7057,9776,8217,3910,3842,1190,1445
28,sub-0202,1703019,1474568,226901,801362,616092,392103,301123,396664,301822,13147,175489,66184,470126,42804,145502,232376,261376,32894,80235,32699,231915,21739,74071,118454,128811,19610,82659,33485,238211,21065,71431,113922,132565,10656,21824,18692,13641,238087,232039,42804,87393,58109,113621,118755,126736,134640,10784,9382,6666,117378,114537,21739,44783,29288,57458,60996,61822,66989,11040,9310,6975,120709,117502,21065,42610,28821,56163,57759,64914,67651,25628,14895,130360,46618,20586,30338,12466,10432,39355,37606,83988,29633,17158,96939,12639,12440,7183,64880,23343,9532,15380,6359,5431,20210,19142,43075,14383,8057,47202,6563,13188,7712,65480,23275,11054,14958,6107,5001,19145,18464,40913,15250,9101,49737,6076,902,1726,496,567,1044,1039,24220,3907,3852,64693,62890,17966,17345,4356,4196,242,482,10414,19128,1688,1653,4949,4712,9310,9382,5148,5302,6319,2468,3808,632,760,117502,114537,28821,29288,57759,60996,67651,66989,536,683,3913,3416,2526,2567,13147,4869,5769,5140,4610,2153,2133,9841,9756,3436,3175,5806,4517,5296,5399,2230,2518,2334,1763,3198,3382,9101,8057,2729,2778,7859,7734,15574,14163,9732,10568,2562,2443,5809,4681,2181,2217,19899,21846,4153,6105,4951,4808,928,914,2759,3197,8647,7285,17286,15360,3615,3192,5001,5431,3500,3207,1877,2294,4280,4930,14322,13469,3877,3841,2572,2573,2914,3252,11309,12028,3522,3056,1979,1982,15135,15181,2462,2817,1774,1753,17088,15281,5185,6113,10418,10380,3518,3179,9345,10911,7120,7394,9757,10285,4783,3689,1635,1764
29,sub-0205,1727638,1500048,226294,807554,652610,396572,314739,399821,323296,14575,179213,69331,447182,46862,171581,245773,274343,15770,84200,34169,219615,24297,82956,123379,136934,6874,83852,35162,227567,22565,88625,122394,137409,5237,22833,19035,13750,217642,229540,46862,102598,68983,116458,129315,126561,147782,11258,9523,6595,107045,112570,24297,50176,32780,57687,65692,63824,73110,11575,9512,7155,110597,116970,22565,52422,36203,58771,63623,62737,74672,25097,14422,118858,41253,18012,33017,13845,12394,45131,45073,84812,31646,18540,94850,13171,11918,7156,59151,19556,9264,16976,7321,5454,21840,22882,42311,15376,8834,47329,7661,13179,7266,59707,21697,8748,16041,6524,6940,23291,22191,42501,16270,9706,47521,5510,1422,2237,509,520,1147,1207,24114,3694,3625,64722,65969,19130,18231,5047,4900,139,401,5098,6473,2022,1983,5350,5130,9512,9523,5543,5761,5226,2378,3557,686,726,116970,112570,36203,32780,63623,65692,74672,73110,390,544,4170,3590,2595,2461,14575,5899,5623,4835,4683,2170,1765,11130,10501,4244,4503,4550,4463,6217,6016,2158,2503,1793,1882,3060,3035,9706,8834,2572,2027,8319,8577,15083,12577,11730,12363,2732,2463,5233,5227,2640,2247,19871,21120,6086,7154,4522,4498,1186,524,3257,2246,6983,6245,17637,17934,4208,3039,6940,5454,3627,4026,1756,1572,4909,6126,15084,14852,4366,4818,2431,2473,2405,2919,10488,12305,3755,3192,2163,2325,14335,12716,1667,2954,1498,1685,13116,12822,4747,5106,10575,9380,4678,3070,10308,10125,6965,7376,7836,9442,3942,3860,1680,2382
30,sub-0270,1636197.937034726,1492253.493847847,142282.4727076292,823266.3767312765,627322.8571779728,406555.7785531282,304849.58510935307,405618.7951962948,309475.5029414892,12997.769127130508,169591.98762238026,64651.8516215086,477660.51555526257,44723.20560407639,160289.15286397934,236266.8033109904,273803.13657188416,20033.64415240288,77222.62833309174,32349.42539334297,239450.746756196,21882.6113101244,80839.56408727169,120080.86706364156,134176.61668789387,8554.848044514656,81277.55630743504,32302.426228165627,238209.7687990665,22840.59429395199,79449.58877670765,116185.9362473488,139626.5198839903,8655.846250534058,21436.619232058525,18042.679516911507,12928.770352721214,245710.6355649233,231949.87999033928,44723.20560407639,93770.33440446854,66518.8184595108,119232.8821259737,117033.92118501665,134815.6053378582,138987.53123402596,10663.810584068298,9277.83520245552,6398.8863397836685,123859.79994034769,115590.94681584837,21882.6113101244,48342.14132273197,32497.42276453972,59968.93480181694,60111.93226182461,66463.81943643093,67712.79725146294,10772.808647990229,8764.844314455986,6529.884012937546,121850.8356245756,116358.93317449091,22840.59429395199,45428.193081736565,34021.395694971085,59263.94732415676,56921.98892319202,68351.78590142727,71274.73398256302,25157.55313897133,14986.733798146248,134211.61606621742,50335.105922698975,21019.62663888932,32762.41805756092,11960.787546515465,11606.793834328651,40409.28223013878,41754.25834000111,86782.45852661133,32450.423599362373,19637.6511862278,101723.19314181805,13454.761009812357,12134.784455895424,7622.864598870277,68169.78913414478,25282.55091869831,10649.810832738876,15780.719694972038,6101.891615152359,5993.893533468247,21203.62337064743,21144.62441861629,43531.22677659989,16437.708025217056,9915.823870182036,49181.12642025948,7366.869145989418,13022.768683075905,7363.86919927597,66041.82693207264,25052.555004000664,10369.815806150436,16981.698362588882,5858.895931363106,5612.900300860405,19205.65885949135,20609.63392138481,43251.23175001144,16012.715574145315,9721.82731604576,52542.06672155857,6087.891863822937,804.9857014417648,2017.9641559123995,633.9887387752533,676.9879750013351,1083.980745792389,1087.9806747436523,21630.6157861948,3462.938489556313,3328.940869688988,62110.896755218506,60087.93268811703,19166.65955221653,17134.69564497471,4499.920070171356,4285.923871278763,119.99786853790285,42.99923622608185,8535.848381996155,8511.848808288574,1558.972308754921,1515.973072528839,5116.90911090374,5141.908666849136,8764.844314455986,9277.83520245552,5201.907601118088,5402.904030919075,5464.902929663658,2289.9593245983124,3336.9407275915146,634.9887210130692,650.9884368181229,116358.93317449091,115590.94681584837,34021.395694971085,32497.42276453972,56921.98892319202,60111.93226182461,71274.73398256302,67712.79725146294,512.9908879995346,696.9876197576523,3507.937690258026,3256.942148566246,2508.955434679985,2444.95657145977,12997.769127130508,6335.8874588012695,6298.888116002083,4925.912503480911,5142.908649086952,2105.9625928401947,1496.9734100103378,12043.78607225418,11021.804225206375,3714.934013485909,4058.9279032945633,5519.90195274353,5121.909022092819,6467.885114192963,5687.898968696594,2337.958472013473,2323.9587206840515,2230.960372567177,2046.9636408090591,3565.936660051346,2822.949857354164,9721.82731604576,9915.823870182036,2861.9491646289825,2734.9514204263687,7169.872645139694,7903.859607696533,15451.72553873062,13520.759837508202,10426.81479370594,11397.797546625136,2642.95305454731,2700.9520243406296,6302.888044953346,4493.920176744461,2722.9516335725784,2631.9532499313354,22861.59392094612,24945.556904554367,4817.914421796799,6547.883693218231,4635.917654514313,4684.91678416729,1163.9793248176577,1067.9810299873352,3540.9371041059494,3434.938986897469,9653.828523874285,7990.858062386513,16869.700351953506,16086.71425974369,2693.9521486759186,2981.9470331668854,5612.900300860405,5993.893533468247,3983.929235458374,3939.930016994476,2341.958400964737,2127.962202072144,4342.922858834267,4987.911402225494,14848.73624932766,15369.72699522972,3520.9374593496323,3777.932894468308,2437.956695795059,2479.955949783325,2618.9534808397293,3480.938169836998,10598.811738610268,12611.775983333588,3637.935381174088,3251.9422373771667,2002.9644223451608,2532.9550083875656,14509.742270708084,15750.720227837564,2408.9572108984,2530.955043911934,1223.978259086609,1415.9748487472534,15512.724455237389,15408.72630250454,5048.910318732262,7073.874350309372,9953.82319521904,8954.840939640999,4523.919643878937,3769.9330365657806,10654.810743927956,10942.805628418922,9047.839287757874,8727.8449716568,11172.80154311657,10845.807351350784,3265.9419887065887,3173.94362282753,1675.9702305793762,2302.9590936899185
31,sub-0242,1489658.0663917065,1318691.763395548,169562.2840833664,658520.8705844879,607809.18747437,323156.3530673981,295544.9811292887,325186.380412817,299289.0315634012,12975.174781680107,136898.8440915346,58264.78485393524,429746.788890481,35055.47221362591,141644.90802323818,216805.92047727108,224717.027043581,31396.422924518585,61856.83324050903,28906.389382600784,211971.8553601504,18140.244357585907,71327.96082103252,109361.4731502533,111935.50782370567,15538.209306955338,64863.87374675274,29358.395471334457,217774.93353033063,16915.22785604,70316.94720220566,107444.44732701778,112781.51921987534,13277.178849816322,18203.24520623684,16429.221309304237,12995.175051093102,193617.6081198454,236129.1807706356,35055.47221362591,81423.09680724144,60221.81121599674,97732.31650006773,119073.60397720335,99785.34415531158,124931.68288826942,8902.1199157238,8450.113826990128,6265.084393620491,95692.28901994228,116279.56634020804,18140.244357585907,41452.55838537216,29875.40243566036,49139.66193425656,60221.81121599674,49466.66633915901,62468.84148454666,9301.12529051304,7979.10748231411,6730.0906574726105,97925.3190999031,119849.61443042757,16915.22785604,39970.53842186928,30346.40878033638,48592.65456581116,58851.79276120663,50318.67781615257,62462.84140372276,21225.28591454029,11523.155222296717,106934.44045698644,38554.51934742928,15380.207178592682,24757.3334928751,10298.138720750809,9576.128994941711,38644.52055978775,33202.44725251198,72676.978992939,25055.33750712872,10354.139475107191,80844.08900773525,8587.11567246914,10289.13859951496,5522.07438492775,53196.71658468247,18987.25576722622,7697.103683590889,12915.173973441124,5225.070384144783,4853.065373063088,20207.27220141888,16392.220810890198,36136.486775398254,13003.1751588583,5163.0695489645,39795.53606450558,4508.060725688934,10936.14731502533,6001.080837368965,53737.72387230396,19567.263580203056,7683.103495001793,11842.159519433975,5073.068336606026,4723.063621878624,18437.24835836888,16810.22644162178,36540.49221754074,12052.162348270416,5191.069926142693,41048.55294322968,4079.054946780205,1164.0156798362732,1417.0190879106522,398.00536131858826,408.0054960250855,909.0122448205948,929.0125142335892,20965.282412171364,3150.042432546616,3054.0411393642426,48835.65783917904,46623.62804210186,16028.2159075737,15233.205198407171,3983.053653597832,3986.053694009781,72.00096988677979,66.00088906288147,13205.177879929544,15472.208417892456,1617.021782040596,1503.020246386528,4136.055714607239,3937.0530339479446,7979.10748231411,8450.113826990128,5020.067622661591,5201.07006084919,4711.063460230827,2308.031090259552,3159.042553782463,374.005038022995,456.006142616272,119849.61443042757,116279.56634020804,30346.40878033638,29875.40243566036,58851.79276120663,60221.81121599674,62462.84140372276,62468.84148454666,491.00661408901215,560.0075435638428,3790.051053762436,3394.045719385147,2449.0329896211624,2311.031130671501,12975.174781680107,3422.0460965633392,4727.063675761223,3949.053195595741,3606.048575162888,2134.028746366501,1352.0182123184204,9081.1223269701,8932.120319843292,2918.0393073558807,3864.052050590515,4271.057533144951,3848.05183506012,5374.072391271591,4534.061075925827,1716.0231156349182,1722.0231964588163,1603.0215934515,1879.0253113508224,2233.030079960823,2183.029406428337,5191.069926142693,5163.0695489645,2119.028544306755,2435.0328010320663,6693.090159058571,7608.102484703064,11523.155222296717,10900.14683008194,8518.114742994308,7994.107684373856,1930.025998353958,1960.0264024734497,4564.061480045319,4183.056347727776,2047.0275744199755,2130.028692483902,18265.24604141712,17065.22987663746,4556.061372280121,5539.074613928795,3683.049612402916,4568.0615339279175,1166.0157067775726,941.0126758813858,3056.041166305542,2634.0354816913605,6993.094200253487,5149.069360375404,13410.180641412737,14051.189276099203,3018.0406544208527,3707.049935698509,4723.063621878624,4853.065373063088,3418.0460426807404,2800.037717819214,1600.0215530395508,1532.02063703537,3856.051942825317,4005.0539499521255,10886.146641492844,12062.162482976912,3357.0452209711075,3503.0471876859665,2052.027641773224,1916.025809764862,1809.024368405342,1970.026537179947,9573.128954529762,10175.137063860891,3189.0429579019547,2409.0324507951736,1465.019734501839,1630.0219571590424,12202.164368867874,13278.178863286972,1523.0205157995224,1587.0213779211044,1052.0141711235046,1478.019909620285,12689.170929074287,12542.16894888878,4300.057923793793,5161.069522023201,8000.107765197754,7776.104747772217,4170.056172609329,3353.0451670885086,9886.133170843124,9253.124643921852,6713.090428471565,6304.08491897583,9402.12665104866,8540.115039348602,3330.044857263565,3796.0511345863342,1091.0146964788437,1291.0173906087875
